,Speed,Angle_H,Angle_V,split,Predict(Speed),Predict(Angle_H),Predict(Angle_V),MAE,RMSE
771,20.0,30.0,35.0,90,20.0,31.0,34.0,0.016667,0.021517
749,20.0,15.0,40.0,70,20.0,22.0,38.0,0.061111,0.077579
750,20.0,15.0,40.0,80,20.0,20.0,40.0,0.027778,0.048113
751,20.0,15.0,40.0,90,20.0,21.0,39.0,0.044444,0.060858
752,20.0,20.0,35.0,100,20.0,23.0,35.0,0.016667,0.028868
753,20.0,20.0,35.0,70,20.0,22.0,35.0,0.011111,0.019245
754,20.0,20.0,35.0,80,20.0,22.0,35.0,0.011111,0.019245
755,20.0,20.0,35.0,90,20.0,23.0,34.0,0.027778,0.034694
756,20.0,20.0,40.0,100,20.0,31.0,39.0,0.072222,0.107583
757,20.0,20.0,40.0,70,20.0,29.0,39.0,0.061111,0.088715
758,20.0,20.0,40.0,80,20.0,29.0,39.0,0.061111,0.088715
759,20.0,20.0,40.0,90,20.0,30.0,39.0,0.066667,0.098131
760,20.0,25.0,35.0,100,20.0,30.0,35.0,0.027778,0.048113
761,20.0,25.0,35.0,70,20.0,28.0,35.0,0.016667,0.028868
762,20.0,25.0,35.0,80,20.0,28.0,35.0,0.016667,0.028868
763,20.0,25.0,35.0,90,20.0,29.0,35.0,0.022222,0.03849
764,20.0,25.0,40.0,100,20.0,31.0,40.0,0.033333,0.057735
765,20.0,25.0,40.0,70,20.0,29.0,39.0,0.033333,0.043033
766,20.0,25.0,40.0,80,20.0,30.0,40.0,0.027778,0.048113
767,20.0,25.0,40.0,90,20.0,31.0,39.0,0.044444,0.060858
768,20.0,30.0,35.0,100,20.0,31.0,34.0,0.016667,0.021517
769,20.0,30.0,35.0,70,20.0,30.0,35.0,0.0,0.0
748,20.0,15.0,40.0,100,20.0,21.0,38.0,0.055556,0.069389
747,20.0,15.0,35.0,90,20.0,19.0,33.0,0.044444,0.054433
746,20.0,15.0,35.0,80,20.0,19.0,34.0,0.033333,0.043033
745,20.0,15.0,35.0,70,20.0,20.0,33.0,0.05,0.061614
836,20.0,70.0,40.0,80,20.0,67.0,39.0,0.027778,0.034694
835,20.0,70.0,40.0,70,20.0,64.0,38.0,0.055556,0.069389
834,20.0,70.0,40.0,100,20.0,68.0,39.0,0.022222,0.027217
833,20.0,70.0,35.0,90,28.0,66.0,32.0,0.077778,0.079349
832,20.0,70.0,35.0,80,26.0,67.0,33.0,0.055556,0.056108
831,20.0,70.0,35.0,70,26.0,66.0,34.0,0.05,0.051819
830,20.0,70.0,35.0,100,28.0,67.0,33.0,0.061111,0.061614
829,20.0,65.0,40.0,90,20.0,66.0,39.0,0.016667,0.021517
828,20.0,65.0,40.0,80,20.0,66.0,39.0,0.016667,0.021517
827,20.0,65.0,40.0,70,20.0,66.0,39.0,0.016667,0.021517
770,20.0,30.0,35.0,80,20.0,30.0,35.0,0.0,0.0
826,20.0,65.0,40.0,100,20.0,67.0,39.0,0.022222,0.027217
824,20.0,65.0,35.0,80,20.0,67.0,36.0,0.022222,0.027217
736,20.0,10.0,35.0,100,20.0,11.0,34.0,0.016667,0.021517
737,20.0,10.0,35.0,70,20.0,12.0,34.0,0.022222,0.027217
738,20.0,10.0,35.0,80,20.0,12.0,35.0,0.011111,0.019245
739,20.0,10.0,35.0,90,20.0,11.0,34.0,0.016667,0.021517
740,20.0,10.0,40.0,100,21.0,20.0,40.0,0.058333,0.096345
741,20.0,10.0,40.0,70,20.0,21.0,39.0,0.072222,0.107583
742,20.0,10.0,40.0,80,20.0,20.0,39.0,0.066667,0.098131
743,20.0,10.0,40.0,90,20.0,21.0,39.0,0.072222,0.107583
744,20.0,15.0,35.0,100,20.0,20.0,34.0,0.038889,0.051819
825,20.0,65.0,35.0,90,20.0,66.0,35.0,0.005556,0.009623
837,20.0,70.0,40.0,90,20.0,68.0,39.0,0.022222,0.027217
823,20.0,65.0,35.0,70,20.0,66.0,36.0,0.016667,0.021517
773,20.0,30.0,40.0,80,20.0,34.0,39.0,0.033333,0.043033
800,20.0,50.0,35.0,70,20.0,47.0,34.0,0.027778,0.034694
801,20.0,50.0,35.0,80,20.0,49.0,34.0,0.016667,0.021517
802,20.0,50.0,35.0,90,20.0,48.0,33.0,0.033333,0.043033
803,20.0,50.0,40.0,100,20.0,57.0,39.0,0.05,0.070053
804,20.0,50.0,40.0,70,20.0,50.0,37.0,0.033333,0.057735
805,20.0,50.0,40.0,80,20.0,54.0,39.0,0.033333,0.043033
806,20.0,50.0,40.0,90,20.0,56.0,39.0,0.044444,0.060858
807,20.0,55.0,35.0,100,20.0,60.0,35.0,0.027778,0.048113
808,20.0,55.0,35.0,70,20.0,57.0,34.0,0.022222,0.027217
809,20.0,55.0,35.0,80,20.0,62.0,37.0,0.061111,0.077579
810,20.0,55.0,40.0,100,20.0,62.0,39.0,0.05,0.070053
811,20.0,55.0,40.0,70,20.0,56.0,37.0,0.038889,0.058531
812,20.0,55.0,40.0,80,20.0,59.0,38.0,0.044444,0.054433
813,20.0,55.0,40.0,90,20.0,61.0,39.0,0.044444,0.060858
814,20.0,60.0,35.0,100,20.0,64.0,34.0,0.033333,0.043033
815,20.0,60.0,35.0,70,20.0,66.0,37.0,0.055556,0.069389
816,20.0,60.0,35.0,80,20.0,65.0,36.0,0.038889,0.051819
817,20.0,60.0,35.0,90,20.0,64.0,34.0,0.033333,0.043033
818,20.0,60.0,40.0,100,20.0,65.0,39.0,0.038889,0.051819
819,20.0,60.0,40.0,70,20.0,60.0,38.0,0.022222,0.03849
820,20.0,60.0,40.0,80,20.0,64.0,39.0,0.033333,0.043033
799,20.0,50.0,35.0,100,20.0,49.0,34.0,0.016667,0.021517
798,20.0,45.0,40.0,90,20.0,52.0,39.0,0.05,0.070053
797,20.0,45.0,40.0,80,20.0,50.0,39.0,0.038889,0.051819
796,20.0,45.0,40.0,70,20.0,48.0,38.0,0.038889,0.048113
774,20.0,30.0,40.0,90,20.0,36.0,39.0,0.044444,0.060858
775,20.0,35.0,35.0,100,20.0,38.0,33.0,0.038889,0.048113
776,20.0,35.0,35.0,70,20.0,37.0,32.0,0.044444,0.060858
777,20.0,35.0,35.0,80,20.0,38.0,34.0,0.027778,0.034694
778,20.0,35.0,35.0,90,20.0,38.0,33.0,0.038889,0.048113
779,20.0,35.0,40.0,100,20.0,38.0,39.0,0.027778,0.034694
780,20.0,35.0,40.0,70,20.0,39.0,40.0,0.022222,0.03849
781,20.0,35.0,40.0,80,20.0,40.0,40.0,0.027778,0.048113
782,20.0,35.0,40.0,90,20.0,38.0,39.0,0.027778,0.034694
783,20.0,40.0,35.0,100,22.0,44.0,32.0,0.061111,0.070053
772,20.0,30.0,40.0,70,20.0,34.0,39.0,0.033333,0.043033
784,20.0,40.0,35.0,70,20.0,42.0,33.0,0.033333,0.043033
786,20.0,40.0,35.0,90,20.0,44.0,33.0,0.044444,0.054433
787,20.0,40.0,40.0,100,20.0,43.0,38.0,0.038889,0.048113
788,20.0,40.0,40.0,70,20.0,40.0,37.0,0.033333,0.057735
789,20.0,40.0,40.0,80,20.0,42.0,38.0,0.033333,0.043033
790,20.0,40.0,40.0,90,20.0,43.0,38.0,0.038889,0.048113
791,20.0,45.0,35.0,100,20.0,50.0,35.0,0.027778,0.048113
792,20.0,45.0,35.0,70,20.0,46.0,35.0,0.005556,0.009623
793,20.0,45.0,35.0,80,20.0,49.0,36.0,0.033333,0.043033
794,20.0,45.0,35.0,90,20.0,50.0,36.0,0.038889,0.051819
795,20.0,45.0,40.0,100,20.0,53.0,39.0,0.055556,0.079349
785,20.0,40.0,35.0,80,20.0,43.0,33.0,0.038889,0.048113
821,20.0,60.0,40.0,90,20.0,65.0,39.0,0.038889,0.051819
822,20.0,65.0,35.0,100,20.0,67.0,35.0,0.011111,0.019245
20,20.0,30.0,40.0,100,20.0,37.0,39.0,0.05,0.070053
21,20.0,55.0,35.0,90,20.0,61.0,36.0,0.044444,0.060858
978,40.0,55.0,25.0,100,40.0,56.0,25.0,0.005556,0.009623
962,40.0,45.0,40.0,90,45.0,50.0,39.0,0.052778,0.05713
963,40.0,50.0,25.0,100,49.0,53.0,25.0,0.041667,0.052042
964,40.0,50.0,25.0,70,57.0,49.0,24.0,0.063889,0.084574
965,40.0,50.0,25.0,90,50.0,52.0,25.0,0.038889,0.051819
966,40.0,50.0,30.0,100,45.0,58.0,30.0,0.058333,0.080651
967,40.0,50.0,30.0,70,36.0,57.0,33.0,0.083333,0.090779
968,40.0,50.0,30.0,80,40.0,58.0,32.0,0.066667,0.086066
969,40.0,50.0,30.0,90,43.0,58.0,31.0,0.063889,0.080651
970,40.0,50.0,35.0,100,43.0,52.0,33.0,0.041667,0.045389
971,40.0,50.0,35.0,70,47.0,47.0,32.0,0.069444,0.072807
972,40.0,50.0,35.0,80,50.0,49.0,32.0,0.066667,0.075768
974,40.0,50.0,40.0,100,36.0,53.0,40.0,0.027778,0.034694
961,40.0,45.0,40.0,80,45.0,49.0,39.0,0.047222,0.049301
975,40.0,50.0,40.0,70,38.0,47.0,39.0,0.033333,0.036004
976,40.0,50.0,40.0,80,38.0,48.0,39.0,0.027778,0.028868
977,40.0,50.0,40.0,90,39.0,49.0,38.0,0.030556,0.039965
979,40.0,55.0,25.0,70,41.0,54.0,25.0,0.008333,0.010758
980,40.0,55.0,25.0,80,36.0,57.0,25.0,0.022222,0.027217
981,40.0,55.0,25.0,90,38.0,57.0,25.0,0.016667,0.021517
982,40.0,55.0,30.0,70,41.0,58.0,31.0,0.030556,0.035026
983,40.0,55.0,30.0,80,46.0,58.0,30.0,0.033333,0.040825
984,40.0,55.0,30.0,90,48.0,58.0,29.0,0.05,0.051819
985,40.0,55.0,35.0,100,45.0,59.0,35.0,0.036111,0.045389
973,40.0,50.0,35.0,90,48.0,51.0,32.0,0.061111,0.070053
960,40.0,45.0,40.0,70,48.0,49.0,39.0,0.055556,0.057735
958,40.0,45.0,35.0,90,39.0,49.0,35.0,0.025,0.03879
986,40.0,55.0,35.0,70,48.0,57.0,35.0,0.033333,0.043033
933,40.0,40.0,25.0,80,38.0,36.0,24.0,0.038889,0.044096
934,40.0,40.0,25.0,90,41.0,36.0,25.0,0.025,0.03879
935,40.0,40.0,30.0,100,44.0,40.0,29.0,0.022222,0.027217
936,40.0,40.0,30.0,70,37.0,39.0,30.0,0.013889,0.017347
937,40.0,40.0,30.0,80,44.0,40.0,30.0,0.011111,0.019245
938,40.0,40.0,30.0,90,45.0,40.0,29.0,0.025,0.030807
939,40.0,40.0,35.0,100,42.0,44.0,33.0,0.05,0.055277
940,40.0,40.0,35.0,70,42.0,42.0,33.0,0.038889,0.044096
941,40.0,40.0,35.0,80,47.0,42.0,33.0,0.052778,0.054645
942,40.0,40.0,35.0,90,41.0,44.0,33.0,0.047222,0.054645
943,40.0,40.0,40.0,100,36.0,46.0,40.0,0.044444,0.060858
959,40.0,45.0,40.0,100,43.0,51.0,39.0,0.052778,0.062546
944,40.0,40.0,40.0,70,41.0,45.0,40.0,0.030556,0.048352
946,40.0,40.0,40.0,90,40.0,45.0,39.0,0.038889,0.051819
947,40.0,45.0,25.0,100,38.0,51.0,25.0,0.038889,0.058531
948,40.0,45.0,25.0,70,38.0,53.0,25.0,0.05,0.077579
949,40.0,45.0,25.0,80,38.0,53.0,25.0,0.05,0.077579
950,40.0,45.0,25.0,90,40.0,51.0,25.0,0.033333,0.057735
952,40.0,45.0,30.0,70,30.0,43.0,31.0,0.05,0.055277
953,40.0,45.0,30.0,80,30.0,45.0,31.0,0.038889,0.051819
954,40.0,45.0,30.0,90,28.0,46.0,30.0,0.038889,0.058531
955,40.0,45.0,35.0,100,36.0,50.0,35.0,0.038889,0.051819
956,40.0,45.0,35.0,70,33.0,50.0,37.0,0.069444,0.070218
957,40.0,45.0,35.0,80,41.0,48.0,35.0,0.019444,0.029266
945,40.0,40.0,40.0,80,43.0,44.0,39.0,0.041667,0.045389
987,40.0,55.0,35.0,80,46.0,57.0,35.0,0.027778,0.034694
988,40.0,55.0,35.0,90,46.0,58.0,34.0,0.044444,0.045134
989,40.0,55.0,40.0,100,36.0,60.0,39.0,0.05,0.055277
1018,40.0,65.0,35.0,70,29.0,67.0,38.0,0.075,0.080651
1019,40.0,65.0,35.0,80,31.0,67.0,37.0,0.058333,0.061048
1020,40.0,65.0,35.0,90,36.0,66.0,36.0,0.027778,0.028868
1021,40.0,65.0,40.0,100,35.0,66.0,39.0,0.030556,0.032275
1022,40.0,65.0,40.0,70,38.0,63.0,40.0,0.016667,0.021517
1023,40.0,65.0,40.0,80,42.0,62.0,39.0,0.033333,0.036004
1024,40.0,65.0,40.0,90,38.0,64.0,39.0,0.022222,0.02357
1025,40.0,70.0,25.0,100,49.0,67.0,25.0,0.041667,0.052042
1026,40.0,70.0,25.0,70,53.0,65.0,24.0,0.075,0.081223
1027,40.0,70.0,25.0,80,48.0,67.0,25.0,0.038889,0.048113
1028,40.0,70.0,25.0,90,49.0,67.0,25.0,0.041667,0.052042
1029,40.0,70.0,30.0,100,52.0,69.0,29.0,0.05,0.061614
1030,40.0,70.0,30.0,70,49.0,70.0,31.0,0.036111,0.047385
1031,40.0,70.0,30.0,80,49.0,70.0,30.0,0.025,0.043301
1032,40.0,70.0,30.0,90,54.0,69.0,29.0,0.055556,0.070711
1033,40.0,70.0,35.0,100,52.0,63.0,33.0,0.094444,0.096705
1034,40.0,70.0,35.0,70,50.0,65.0,35.0,0.055556,0.068041
1035,40.0,70.0,35.0,80,51.0,64.0,35.0,0.063889,0.078322
1036,40.0,70.0,35.0,90,51.0,64.0,34.0,0.075,0.080651
1037,40.0,70.0,40.0,100,40.0,68.0,39.0,0.022222,0.027217
1038,40.0,70.0,40.0,70,43.0,67.0,39.0,0.036111,0.037577
1039,40.0,70.0,40.0,80,42.0,67.0,39.0,0.033333,0.036004
1040,40.0,70.0,40.0,90,39.0,67.0,39.0,0.030556,0.035026
1017,40.0,65.0,35.0,100,40.0,66.0,35.0,0.005556,0.009623
1016,40.0,65.0,30.0,90,48.0,64.0,28.0,0.05,0.055277
1015,40.0,65.0,30.0,80,49.0,63.0,29.0,0.047222,0.051144
1014,40.0,65.0,30.0,70,42.0,64.0,30.0,0.011111,0.013608
990,40.0,55.0,40.0,70,38.0,55.0,38.0,0.027778,0.039675
991,40.0,55.0,40.0,80,41.0,56.0,38.0,0.030556,0.039965
992,40.0,55.0,40.0,90,38.0,59.0,38.0,0.05,0.055277
993,40.0,60.0,25.0,100,47.0,58.0,23.0,0.052778,0.054645
994,40.0,60.0,25.0,70,45.0,59.0,24.0,0.030556,0.032275
995,40.0,60.0,25.0,80,45.0,59.0,24.0,0.030556,0.032275
996,40.0,60.0,25.0,90,50.0,58.0,23.0,0.061111,0.06455
997,40.0,60.0,30.0,100,50.0,61.0,28.0,0.055556,0.062361
998,40.0,60.0,30.0,70,42.0,61.0,30.0,0.011111,0.013608
999,40.0,60.0,30.0,80,49.0,60.0,29.0,0.036111,0.047385
1000,40.0,60.0,30.0,90,52.0,60.0,28.0,0.055556,0.069389
932,40.0,40.0,25.0,70,44.0,35.0,24.0,0.05,0.055277
1001,40.0,60.0,35.0,100,43.0,61.0,34.0,0.025,0.025909
1003,40.0,60.0,35.0,80,45.0,58.0,34.0,0.036111,0.036324
1004,40.0,60.0,35.0,90,46.0,58.0,33.0,0.05,0.051819
1005,40.0,60.0,40.0,100,38.0,66.0,39.0,0.05,0.061614
1006,40.0,60.0,40.0,70,36.0,64.0,40.0,0.033333,0.043033
1007,40.0,60.0,40.0,80,39.0,62.0,39.0,0.025,0.027639
1008,40.0,60.0,40.0,90,39.0,63.0,39.0,0.030556,0.035026
1009,40.0,65.0,25.0,100,44.0,67.0,26.0,0.033333,0.033333
1010,40.0,65.0,25.0,70,51.0,66.0,25.0,0.036111,0.053791
1011,40.0,65.0,25.0,80,50.0,66.0,26.0,0.044444,0.052705
1012,40.0,65.0,25.0,90,50.0,65.0,26.0,0.038889,0.051819
1013,40.0,65.0,30.0,100,43.0,67.0,30.0,0.019444,0.024056
1002,40.0,60.0,35.0,70,32.0,61.0,38.0,0.061111,0.070053
931,40.0,40.0,25.0,100,41.0,37.0,25.0,0.019444,0.029266
951,40.0,45.0,30.0,100,26.0,46.0,30.0,0.044444,0.068041
929,40.0,35.0,40.0,80,40.0,40.0,38.0,0.05,0.061614
859,40.0,15.0,30.0,80,41.0,11.0,28.0,0.047222,0.054645
860,40.0,15.0,30.0,90,42.0,12.0,28.0,0.044444,0.049065
861,40.0,15.0,35.0,100,36.0,17.0,36.0,0.033333,0.033333
862,40.0,15.0,35.0,70,37.0,16.0,35.0,0.013889,0.017347
863,40.0,15.0,35.0,80,37.0,17.0,35.0,0.019444,0.024056
864,40.0,15.0,35.0,90,37.0,17.0,35.0,0.019444,0.024056
865,40.0,15.0,40.0,100,36.0,26.0,39.0,0.083333,0.109291
866,40.0,15.0,40.0,70,35.0,25.0,40.0,0.069444,0.099187
867,40.0,15.0,40.0,80,36.0,25.0,39.0,0.077778,0.1
868,40.0,15.0,40.0,90,36.0,26.0,39.0,0.083333,0.109291
869,40.0,20.0,25.0,100,43.0,17.0,24.0,0.036111,0.037577
870,40.0,20.0,25.0,70,41.0,15.0,24.0,0.041667,0.052042
871,40.0,20.0,25.0,80,37.0,14.0,24.0,0.052778,0.062546
872,40.0,20.0,25.0,90,41.0,15.0,24.0,0.041667,0.052042
873,40.0,20.0,30.0,100,40.0,20.0,29.0,0.011111,0.019245
874,40.0,20.0,30.0,70,38.0,17.0,30.0,0.022222,0.030429
875,40.0,20.0,30.0,80,38.0,17.0,29.0,0.033333,0.036004
876,40.0,20.0,30.0,90,39.0,18.0,29.0,0.025,0.027639
877,40.0,20.0,35.0,100,37.0,24.0,35.0,0.030556,0.041107
878,40.0,20.0,35.0,70,38.0,23.0,35.0,0.022222,0.030429
879,40.0,20.0,35.0,80,39.0,24.0,34.0,0.036111,0.043301
858,40.0,15.0,30.0,70,46.0,12.0,27.0,0.066667,0.070711
857,40.0,15.0,30.0,100,42.0,13.0,29.0,0.027778,0.028868
930,40.0,35.0,40.0,90,34.0,42.0,39.0,0.066667,0.075768
855,40.0,15.0,25.0,80,41.0,16.0,25.0,0.008333,0.010758
22,40.0,15.0,25.0,100,41.0,16.0,25.0,0.008333,0.010758
23,40.0,25.0,25.0,90,39.0,26.0,24.0,0.019444,0.022048
24,40.0,30.0,30.0,100,41.0,35.0,29.0,0.041667,0.052042
25,40.0,50.0,25.0,80,53.0,51.0,25.0,0.041667,0.063282
26,40.0,55.0,30.0,100,48.0,59.0,29.0,0.055556,0.057735
838,40.0,10.0,25.0,100,39.0,13.0,26.0,0.030556,0.035026
839,40.0,10.0,25.0,70,41.0,14.0,25.0,0.025,0.03879
840,40.0,10.0,25.0,80,42.0,14.0,25.0,0.027778,0.039675
841,40.0,10.0,25.0,90,43.0,15.0,25.0,0.036111,0.050231
842,40.0,10.0,30.0,100,42.0,10.0,30.0,0.005556,0.009623
880,40.0,20.0,35.0,90,37.0,25.0,34.0,0.047222,0.053791
843,40.0,10.0,30.0,70,48.0,11.0,28.0,0.05,0.055277
845,40.0,10.0,30.0,90,45.0,11.0,29.0,0.030556,0.032275
846,40.0,10.0,35.0,100,35.0,10.0,36.0,0.025,0.030807
847,40.0,10.0,35.0,70,35.0,10.0,35.0,0.013889,0.024056
848,40.0,10.0,35.0,80,35.0,10.0,36.0,0.025,0.030807
849,40.0,10.0,35.0,90,35.0,10.0,36.0,0.025,0.030807
850,40.0,10.0,40.0,100,39.0,13.0,40.0,0.019444,0.029266
851,40.0,10.0,40.0,70,38.0,13.0,40.0,0.022222,0.030429
852,40.0,10.0,40.0,80,36.0,13.0,40.0,0.027778,0.034694
853,40.0,10.0,40.0,90,38.0,13.0,40.0,0.022222,0.030429
854,40.0,15.0,25.0,70,41.0,17.0,24.0,0.025,0.027639
844,40.0,10.0,30.0,80,44.0,10.0,29.0,0.022222,0.027217
881,40.0,20.0,40.0,100,35.0,22.0,39.0,0.036111,0.036324
856,40.0,15.0,25.0,90,41.0,15.0,25.0,0.002778,0.004811
883,40.0,20.0,40.0,80,36.0,22.0,39.0,0.033333,0.033333
908,40.0,30.0,35.0,70,34.0,30.0,35.0,0.016667,0.028868
909,40.0,30.0,35.0,80,40.0,32.0,33.0,0.033333,0.043033
910,40.0,30.0,35.0,90,37.0,32.0,33.0,0.041667,0.045389
911,40.0,30.0,40.0,100,41.0,34.0,38.0,0.047222,0.054645
912,40.0,30.0,40.0,70,38.0,32.0,40.0,0.016667,0.021517
913,40.0,30.0,40.0,80,38.0,32.0,39.0,0.027778,0.028868
914,40.0,30.0,40.0,90,40.0,33.0,38.0,0.038889,0.048113
915,40.0,35.0,25.0,100,48.0,37.0,23.0,0.055556,0.057735
917,40.0,35.0,25.0,80,54.0,36.0,23.0,0.066667,0.078174
918,40.0,35.0,25.0,90,50.0,37.0,24.0,0.05,0.055277
919,40.0,35.0,30.0,100,35.0,39.0,30.0,0.036111,0.045389
920,40.0,35.0,30.0,70,43.0,36.0,29.0,0.025,0.025909
921,40.0,35.0,30.0,80,43.0,37.0,29.0,0.030556,0.030807
922,40.0,35.0,30.0,90,40.0,38.0,29.0,0.027778,0.034694
923,40.0,35.0,35.0,100,32.0,42.0,34.0,0.072222,0.079931
882,40.0,20.0,40.0,70,33.0,21.0,40.0,0.025,0.035026
924,40.0,35.0,35.0,70,41.0,39.0,33.0,0.047222,0.054645
925,40.0,35.0,35.0,80,38.0,40.0,34.0,0.044444,0.052705
926,40.0,35.0,35.0,90,35.0,42.0,34.0,0.063889,0.074068
927,40.0,35.0,40.0,100,33.0,43.0,40.0,0.063889,0.084025
928,40.0,35.0,40.0,70,36.0,40.0,40.0,0.038889,0.051819
907,40.0,30.0,35.0,100,37.0,32.0,34.0,0.030556,0.030807
906,40.0,30.0,30.0,90,42.0,35.0,30.0,0.033333,0.049065
916,40.0,35.0,25.0,70,57.0,35.0,23.0,0.069444,0.090395
904,40.0,30.0,30.0,70,42.0,32.0,31.0,0.027778,0.028868
885,40.0,25.0,25.0,100,38.0,27.0,24.0,0.027778,0.028868
886,40.0,25.0,25.0,70,37.0,26.0,24.0,0.025,0.025909
887,40.0,25.0,25.0,80,35.0,26.0,24.0,0.030556,0.032275
888,40.0,25.0,30.0,100,38.0,26.0,30.0,0.011111,0.013608
905,40.0,30.0,30.0,80,45.0,33.0,30.0,0.030556,0.037577
889,40.0,25.0,30.0,70,31.0,23.0,33.0,0.069444,0.074691
891,40.0,25.0,30.0,90,38.0,25.0,30.0,0.005556,0.009623
892,40.0,25.0,35.0,100,36.0,27.0,34.0,0.033333,0.033333
893,40.0,25.0,35.0,70,35.0,22.0,35.0,0.030556,0.037577
894,40.0,25.0,35.0,80,38.0,25.0,35.0,0.005556,0.009623
890,40.0,25.0,30.0,80,35.0,24.0,31.0,0.030556,0.032275
884,40.0,20.0,40.0,90,35.0,23.0,39.0,0.041667,0.042219
896,40.0,25.0,40.0,100,36.0,34.0,39.0,0.072222,0.090779
897,40.0,25.0,40.0,70,33.0,31.0,40.0,0.052778,0.06684
898,40.0,25.0,40.0,80,38.0,33.0,39.0,0.061111,0.079931
903,40.0,30.0,25.0,90,46.0,34.0,24.0,0.05,0.051819
899,40.0,25.0,40.0,90,37.0,34.0,39.0,0.069444,0.089882
902,40.0,30.0,25.0,80,48.0,34.0,24.0,0.055556,0.057735
901,40.0,30.0,25.0,70,47.0,34.0,24.0,0.052778,0.054645
895,40.0,25.0,35.0,90,38.0,27.0,34.0,0.027778,0.028868
900,40.0,30.0,25.0,100,45.0,34.0,24.0,0.047222,0.049301
1099,60.0,25.0,20.0,100,69.0,26.0,20.0,0.030556,0.044358
1100,60.0,25.0,20.0,70,79.0,28.0,20.0,0.069444,0.095864
1101,60.0,25.0,20.0,80,69.0,26.0,20.0,0.030556,0.044358
1107,60.0,25.0,30.0,100,54.0,29.0,29.0,0.05,0.051819
1103,60.0,25.0,25.0,100,48.0,28.0,24.0,0.061111,0.067358
1104,60.0,25.0,25.0,70,53.0,27.0,24.0,0.041667,0.043301
1105,60.0,25.0,25.0,80,53.0,28.0,24.0,0.047222,0.048352
1106,60.0,25.0,25.0,90,55.0,28.0,24.0,0.041667,0.042219
1098,60.0,20.0,40.0,90,53.0,26.0,40.0,0.052778,0.06684
1108,60.0,25.0,30.0,70,51.0,25.0,30.0,0.025,0.043301
1102,60.0,25.0,20.0,90,66.0,26.0,20.0,0.022222,0.030429
1092,60.0,20.0,35.0,70,50.0,31.0,35.0,0.088889,0.116269
1085,60.0,20.0,25.0,70,57.0,24.0,24.0,0.041667,0.045389
1095,60.0,20.0,40.0,100,52.0,26.0,40.0,0.055556,0.069389
1094,60.0,20.0,35.0,90,52.0,31.0,34.0,0.094444,0.114261
1093,60.0,20.0,35.0,80,53.0,30.0,34.0,0.086111,0.103749
1091,60.0,20.0,35.0,100,51.0,31.0,34.0,0.097222,0.11597
1090,60.0,20.0,30.0,90,58.0,29.0,29.0,0.066667,0.089235
1089,60.0,20.0,30.0,80,63.0,28.0,28.0,0.075,0.087268
1088,60.0,20.0,30.0,100,55.0,30.0,29.0,0.080556,0.101036
1087,60.0,20.0,25.0,90,60.0,25.0,24.0,0.038889,0.051819
1109,60.0,25.0,30.0,80,59.0,27.0,29.0,0.025,0.027639
1086,60.0,20.0,25.0,80,55.0,24.0,24.0,0.047222,0.049301
1096,60.0,20.0,40.0,70,53.0,26.0,40.0,0.052778,0.06684
1110,60.0,25.0,30.0,90,54.0,28.0,29.0,0.044444,0.045134
1133,60.0,30.0,35.0,80,55.0,32.0,34.0,0.036111,0.036324
1112,60.0,25.0,35.0,70,56.0,19.0,35.0,0.044444,0.060858
1126,60.0,30.0,25.0,90,57.0,28.0,25.0,0.019444,0.024056
1084,60.0,20.0,25.0,100,59.0,25.0,24.0,0.041667,0.052042
1127,60.0,30.0,30.0,100,48.0,38.0,28.0,0.1,0.103638
1128,60.0,30.0,30.0,70,63.0,38.0,28.0,0.075,0.087268
1129,60.0,30.0,30.0,80,55.0,38.0,28.0,0.080556,0.089365
1130,60.0,30.0,30.0,90,52.0,39.0,28.0,0.094444,0.102289
1131,60.0,30.0,35.0,100,52.0,33.0,34.0,0.05,0.051819
1132,60.0,30.0,35.0,70,46.0,31.0,37.0,0.066667,0.078174
1134,60.0,30.0,35.0,90,56.0,33.0,33.0,0.05,0.051819
1135,60.0,30.0,40.0,100,51.0,38.0,39.0,0.080556,0.090395
1136,60.0,30.0,40.0,70,50.0,37.0,40.0,0.066667,0.082776
1111,60.0,25.0,35.0,100,54.0,18.0,35.0,0.055556,0.073283
1125,60.0,30.0,25.0,80,55.0,28.0,25.0,0.025,0.030807
1123,60.0,30.0,25.0,100,44.0,29.0,26.0,0.061111,0.079931
1122,60.0,30.0,20.0,90,77.0,26.0,19.0,0.080556,0.092421
1121,60.0,30.0,20.0,80,76.0,25.0,19.0,0.083333,0.092796
1120,60.0,30.0,20.0,70,77.0,26.0,19.0,0.080556,0.092421
1119,60.0,30.0,20.0,100,82.0,27.0,19.0,0.088889,0.111389
1118,60.0,25.0,40.0,90,57.0,26.0,39.0,0.025,0.025909
1117,60.0,25.0,40.0,80,55.0,26.0,39.0,0.030556,0.032275
1116,60.0,25.0,40.0,70,57.0,27.0,39.0,0.030556,0.030807
1115,60.0,25.0,40.0,100,55.0,24.0,39.0,0.030556,0.032275
1114,60.0,25.0,35.0,90,53.0,19.0,35.0,0.052778,0.06684
1113,60.0,25.0,35.0,80,51.0,18.0,35.0,0.063889,0.080075
1124,60.0,30.0,25.0,70,56.0,27.0,24.0,0.038889,0.039675
1083,60.0,20.0,20.0,90,63.0,15.0,20.0,0.036111,0.050231
1097,60.0,20.0,40.0,80,51.0,25.0,40.0,0.052778,0.064729
1081,60.0,20.0,20.0,70,65.0,15.0,19.0,0.052778,0.05713
1052,60.0,10.0,30.0,90,62.0,10.0,28.0,0.027778,0.039675
1051,60.0,10.0,30.0,80,63.0,10.0,28.0,0.030556,0.041107
1050,60.0,10.0,30.0,70,62.0,10.0,27.0,0.038889,0.058531
1049,60.0,10.0,30.0,100,64.0,11.0,29.0,0.027778,0.028868
1048,60.0,10.0,25.0,90,49.0,13.0,24.0,0.058333,0.063282
1047,60.0,10.0,25.0,80,45.0,12.0,24.0,0.063889,0.07713
1046,60.0,10.0,25.0,70,42.0,12.0,24.0,0.072222,0.090779
1045,60.0,10.0,25.0,100,52.0,14.0,24.0,0.055556,0.057735
1044,60.0,10.0,20.0,90,78.0,11.0,20.0,0.055556,0.087135
1043,60.0,10.0,20.0,80,79.0,11.0,20.0,0.058333,0.091919
1042,60.0,10.0,20.0,70,81.0,12.0,20.0,0.069444,0.102853
1041,60.0,10.0,20.0,100,77.0,12.0,20.0,0.058333,0.084025
1137,60.0,30.0,40.0,80,54.0,38.0,39.0,0.072222,0.084437
36,60.0,70.0,40.0,100,59.0,70.0,39.0,0.013889,0.019837
35,60.0,70.0,20.0,100,80.0,68.0,20.0,0.066667,0.098131
34,60.0,65.0,35.0,70,53.0,61.0,35.0,0.041667,0.051144
33,60.0,60.0,40.0,70,65.0,57.0,40.0,0.030556,0.037577
32,60.0,45.0,35.0,80,55.0,41.0,35.0,0.036111,0.045389
31,60.0,45.0,35.0,70,57.0,41.0,35.0,0.030556,0.041107
30,60.0,45.0,30.0,100,78.0,42.0,30.0,0.066667,0.091287
29,60.0,45.0,25.0,90,56.0,49.0,24.0,0.044444,0.04714
28,60.0,20.0,30.0,70,62.0,27.0,28.0,0.066667,0.078174
27,60.0,10.0,40.0,100,67.0,15.0,40.0,0.047222,0.058729
1053,60.0,10.0,35.0,100,60.0,10.0,35.0,0.0,0.0
1054,60.0,10.0,35.0,70,64.0,10.0,35.0,0.011111,0.019245
1055,60.0,10.0,35.0,80,58.0,10.0,36.0,0.016667,0.021517
1056,60.0,10.0,35.0,90,58.0,10.0,35.0,0.005556,0.009623
1080,60.0,20.0,20.0,100,66.0,17.0,20.0,0.033333,0.040825
1079,60.0,15.0,40.0,90,54.0,10.0,40.0,0.044444,0.056108
1078,60.0,15.0,40.0,80,49.0,10.0,40.0,0.058333,0.071524
1077,60.0,15.0,40.0,70,58.0,10.0,40.0,0.033333,0.049065
1076,60.0,15.0,40.0,100,52.0,10.0,40.0,0.05,0.061614
1075,60.0,15.0,35.0,90,52.0,16.0,34.0,0.038889,0.044096
1074,60.0,15.0,35.0,80,54.0,16.0,34.0,0.033333,0.036004
1073,60.0,15.0,35.0,70,52.0,15.0,35.0,0.022222,0.03849
1072,60.0,15.0,35.0,100,55.0,16.0,35.0,0.019444,0.025909
1071,60.0,15.0,30.0,90,57.0,16.0,29.0,0.025,0.025909
1070,60.0,15.0,30.0,80,56.0,15.0,29.0,0.022222,0.027217
1082,60.0,20.0,20.0,80,66.0,15.0,20.0,0.044444,0.056108
1069,60.0,15.0,30.0,70,49.0,13.0,29.0,0.052778,0.059512
1067,60.0,15.0,25.0,90,55.0,17.0,25.0,0.025,0.030807
1066,60.0,15.0,25.0,80,55.0,16.0,25.0,0.019444,0.025909
1065,60.0,15.0,25.0,70,63.0,17.0,24.0,0.030556,0.030807
1064,60.0,15.0,25.0,100,55.0,18.0,25.0,0.030556,0.037577
1063,60.0,15.0,20.0,90,74.0,16.0,20.0,0.044444,0.068041
1062,60.0,15.0,20.0,80,70.0,15.0,20.0,0.027778,0.048113
1061,60.0,15.0,20.0,70,69.0,16.0,19.0,0.041667,0.048352
1060,60.0,15.0,20.0,100,80.0,18.0,20.0,0.072222,0.100462
1059,60.0,10.0,40.0,90,63.0,13.0,40.0,0.025,0.032275
1058,60.0,10.0,40.0,80,62.0,13.0,40.0,0.022222,0.030429
1057,60.0,10.0,40.0,70,65.0,16.0,40.0,0.047222,0.062546
1068,60.0,15.0,30.0,100,58.0,17.0,29.0,0.027778,0.028868
1138,60.0,30.0,40.0,90,54.0,38.0,39.0,0.072222,0.084437
1148,60.0,35.0,30.0,70,49.0,36.0,30.0,0.036111,0.053791
1140,60.0,35.0,20.0,70,99.0,35.0,19.0,0.119444,0.188623
1237,60.0,60.0,20.0,80,62.0,65.0,20.0,0.033333,0.049065
1238,60.0,60.0,20.0,90,63.0,63.0,20.0,0.025,0.032275
1239,60.0,60.0,25.0,100,57.0,59.0,25.0,0.013889,0.017347
1240,60.0,60.0,25.0,70,60.0,59.0,25.0,0.005556,0.009623
1241,60.0,60.0,25.0,80,58.0,59.0,25.0,0.011111,0.013608
1242,60.0,60.0,25.0,90,57.0,60.0,25.0,0.008333,0.014434
1243,60.0,60.0,30.0,100,58.0,63.0,29.0,0.033333,0.036004
1244,60.0,60.0,30.0,70,49.0,66.0,31.0,0.075,0.080651
1245,60.0,60.0,30.0,80,61.0,63.0,29.0,0.030556,0.035026
1246,60.0,60.0,30.0,90,60.0,63.0,29.0,0.027778,0.034694
1247,60.0,60.0,35.0,100,54.0,62.0,33.0,0.05,0.051819
1248,60.0,60.0,35.0,70,45.0,66.0,37.0,0.097222,0.100116
1249,60.0,60.0,35.0,80,55.0,62.0,34.0,0.036111,0.036324
1250,60.0,60.0,35.0,90,56.0,62.0,33.0,0.044444,0.04714
1251,60.0,60.0,40.0,100,56.0,61.0,39.0,0.027778,0.028868
1236,60.0,60.0,20.0,70,59.0,66.0,20.0,0.036111,0.057935
1252,60.0,60.0,40.0,80,53.0,61.0,40.0,0.025,0.035026
1235,60.0,60.0,20.0,100,64.0,61.0,20.0,0.016667,0.021517
1233,60.0,55.0,40.0,80,54.0,57.0,39.0,0.038889,0.039675
1218,60.0,55.0,20.0,90,66.0,54.0,20.0,0.022222,0.030429
1219,60.0,55.0,25.0,100,54.0,58.0,25.0,0.033333,0.040825
1220,60.0,55.0,25.0,70,58.0,55.0,25.0,0.005556,0.009623
1221,60.0,55.0,25.0,80,55.0,57.0,26.0,0.036111,0.036324
1222,60.0,55.0,25.0,90,56.0,57.0,25.0,0.022222,0.027217
1223,60.0,55.0,30.0,100,58.0,59.0,29.0,0.038889,0.044096
1224,60.0,55.0,30.0,70,49.0,61.0,31.0,0.075,0.080651
1225,60.0,55.0,30.0,80,61.0,58.0,29.0,0.030556,0.035026
1226,60.0,55.0,30.0,90,60.0,58.0,29.0,0.027778,0.034694
1227,60.0,55.0,35.0,100,66.0,62.0,35.0,0.055556,0.073283
1228,60.0,55.0,35.0,70,72.0,62.0,34.0,0.083333,0.090779
1229,60.0,55.0,35.0,80,70.0,60.0,34.0,0.066667,0.070711
1230,60.0,55.0,35.0,90,73.0,60.0,33.0,0.086111,0.087797
1231,60.0,55.0,40.0,100,53.0,59.0,39.0,0.052778,0.054645
1232,60.0,55.0,40.0,70,55.0,56.0,39.0,0.030556,0.032275
1234,60.0,55.0,40.0,90,54.0,57.0,39.0,0.038889,0.039675
1253,60.0,60.0,40.0,90,56.0,59.0,39.0,0.027778,0.028868
1254,60.0,65.0,20.0,100,76.0,66.0,20.0,0.05,0.077579
1255,60.0,65.0,20.0,70,78.0,67.0,20.0,0.061111,0.088715
1277,60.0,70.0,25.0,70,64.0,68.0,25.0,0.022222,0.027217
1278,60.0,70.0,25.0,80,62.0,70.0,26.0,0.016667,0.021517
1279,60.0,70.0,25.0,90,64.0,70.0,26.0,0.022222,0.027217
1280,60.0,70.0,30.0,100,58.0,61.0,29.0,0.066667,0.089235
1281,60.0,70.0,30.0,70,53.0,63.0,30.0,0.058333,0.075308
1282,60.0,70.0,30.0,80,58.0,61.0,29.0,0.066667,0.089235
1283,60.0,70.0,30.0,90,59.0,61.0,29.0,0.063889,0.088845
1284,60.0,70.0,35.0,100,62.0,69.0,33.0,0.033333,0.040825
1285,60.0,70.0,35.0,70,61.0,70.0,34.0,0.013889,0.019837
1286,60.0,70.0,35.0,80,58.0,69.0,34.0,0.022222,0.02357
1287,60.0,70.0,35.0,90,61.0,69.0,33.0,0.030556,0.039965
1288,60.0,70.0,40.0,70,52.0,71.0,40.0,0.027778,0.039675
1289,60.0,70.0,40.0,80,57.0,70.0,39.0,0.019444,0.024056
1290,60.0,70.0,40.0,90,60.0,70.0,38.0,0.022222,0.03849
1139,60.0,35.0,20.0,100,91.0,36.0,19.0,0.102778,0.150693
1275,60.0,70.0,20.0,90,79.0,68.0,20.0,0.063889,0.093418
1274,60.0,70.0,20.0,80,79.0,68.0,20.0,0.063889,0.093418
1273,60.0,70.0,20.0,70,79.0,68.0,20.0,0.063889,0.093418
1272,60.0,65.0,40.0,90,53.0,58.0,38.0,0.080556,0.084574
1256,60.0,65.0,20.0,80,78.0,67.0,20.0,0.061111,0.088715
1257,60.0,65.0,20.0,90,77.0,67.0,20.0,0.058333,0.084025
1258,60.0,65.0,25.0,100,67.0,66.0,25.0,0.025,0.035026
1259,60.0,65.0,25.0,70,68.0,65.0,25.0,0.022222,0.03849
1260,60.0,65.0,25.0,80,67.0,66.0,25.0,0.025,0.035026
1261,60.0,65.0,25.0,90,70.0,66.0,25.0,0.033333,0.049065
1262,60.0,65.0,30.0,100,57.0,65.0,30.0,0.008333,0.014434
1217,60.0,55.0,20.0,80,72.0,54.0,20.0,0.038889,0.058531
1263,60.0,65.0,30.0,70,60.0,66.0,31.0,0.016667,0.021517
1265,60.0,65.0,30.0,90,60.0,65.0,30.0,0.0,0.0
1266,60.0,65.0,35.0,100,57.0,60.0,33.0,0.058333,0.063282
1267,60.0,65.0,35.0,80,58.0,59.0,34.0,0.05,0.061614
1268,60.0,65.0,35.0,90,57.0,60.0,33.0,0.058333,0.063282
1269,60.0,65.0,40.0,100,49.0,61.0,39.0,0.063889,0.068211
1270,60.0,65.0,40.0,70,53.0,59.0,40.0,0.052778,0.06684
1271,60.0,65.0,40.0,80,53.0,58.0,39.0,0.069444,0.077728
1264,60.0,65.0,30.0,80,57.0,66.0,31.0,0.025,0.025909
1216,60.0,55.0,20.0,70,86.0,52.0,20.0,0.088889,0.12838
1276,60.0,70.0,25.0,100,63.0,70.0,25.0,0.008333,0.014434
1214,60.0,50.0,40.0,90,51.0,49.0,40.0,0.030556,0.044358
1161,60.0,40.0,20.0,80,72.0,41.0,20.0,0.038889,0.058531
1162,60.0,40.0,20.0,90,73.0,41.0,20.0,0.041667,0.063282
1163,60.0,40.0,25.0,100,49.0,45.0,24.0,0.069444,0.074068
1164,60.0,40.0,25.0,70,62.0,44.0,24.0,0.038889,0.044096
1165,60.0,40.0,25.0,80,58.0,45.0,24.0,0.044444,0.052705
1166,60.0,40.0,25.0,90,54.0,45.0,24.0,0.055556,0.059317
1167,60.0,40.0,30.0,100,54.0,42.0,27.0,0.061111,0.067358
1168,60.0,40.0,30.0,70,60.0,42.0,28.0,0.033333,0.043033
1169,60.0,40.0,30.0,80,65.0,41.0,27.0,0.052778,0.063282
1170,60.0,40.0,30.0,90,61.0,41.0,27.0,0.041667,0.058729
1171,60.0,40.0,35.0,100,48.0,42.0,36.0,0.055556,0.063828
1172,60.0,40.0,35.0,70,57.0,40.0,36.0,0.019444,0.024056
1173,60.0,40.0,35.0,80,54.0,41.0,35.0,0.022222,0.030429
1174,60.0,40.0,35.0,90,52.0,41.0,35.0,0.027778,0.039675
1175,60.0,40.0,40.0,100,53.0,44.0,39.0,0.052778,0.054645
1160,60.0,40.0,20.0,70,77.0,41.0,20.0,0.052778,0.082355
1176,60.0,40.0,40.0,70,58.0,42.0,39.0,0.027778,0.028868
1159,60.0,40.0,20.0,100,77.0,41.0,20.0,0.052778,0.082355
1157,60.0,35.0,40.0,80,50.0,38.0,40.0,0.044444,0.056108
1141,60.0,35.0,20.0,80,93.0,36.0,19.0,0.108333,0.160223
1215,60.0,55.0,20.0,100,65.0,53.0,20.0,0.025,0.030807
1142,60.0,35.0,20.0,90,92.0,36.0,19.0,0.105556,0.155456
1143,60.0,35.0,25.0,100,58.0,37.0,24.0,0.027778,0.028868
1144,60.0,35.0,25.0,70,65.0,35.0,24.0,0.025,0.030807
1145,60.0,35.0,25.0,80,59.0,37.0,25.0,0.013889,0.019837
1146,60.0,35.0,25.0,90,59.0,37.0,25.0,0.013889,0.019837
1147,60.0,35.0,30.0,100,65.0,36.0,28.0,0.041667,0.046398
1150,60.0,35.0,30.0,90,67.0,36.0,28.0,0.047222,0.052042
1151,60.0,35.0,35.0,100,54.0,36.0,32.0,0.055556,0.065263
1152,60.0,35.0,35.0,70,49.0,35.0,34.0,0.041667,0.056314
1153,60.0,35.0,35.0,80,55.0,35.0,32.0,0.047222,0.062546
1154,60.0,35.0,35.0,90,54.0,36.0,32.0,0.055556,0.065263
1155,60.0,35.0,40.0,100,55.0,39.0,38.0,0.058333,0.059512
1156,60.0,35.0,40.0,70,59.0,37.0,40.0,0.013889,0.019837
1158,60.0,35.0,40.0,90,52.0,39.0,39.0,0.055556,0.057735
1177,60.0,40.0,40.0,80,52.0,43.0,39.0,0.05,0.051819
1149,60.0,35.0,30.0,80,61.0,36.0,29.0,0.019444,0.022048
1179,60.0,45.0,20.0,100,86.0,40.0,19.0,0.111111,0.135401
1199,60.0,50.0,25.0,100,70.0,50.0,23.0,0.05,0.061614
1200,60.0,50.0,25.0,70,81.0,48.0,23.0,0.091667,0.109819
1201,60.0,50.0,25.0,80,73.0,50.0,23.0,0.058333,0.073441
1202,60.0,50.0,25.0,90,72.0,50.0,23.0,0.055556,0.069389
1203,60.0,50.0,30.0,100,65.0,54.0,29.0,0.047222,0.049301
1204,60.0,50.0,30.0,70,62.0,54.0,29.0,0.038889,0.044096
1205,60.0,50.0,30.0,80,71.0,53.0,28.0,0.069444,0.071524
1206,60.0,50.0,30.0,90,68.0,53.0,28.0,0.061111,0.061614
1208,60.0,50.0,35.0,70,60.0,51.0,35.0,0.005556,0.009623
1209,60.0,50.0,35.0,80,63.0,50.0,34.0,0.019444,0.024056
1210,60.0,50.0,35.0,90,66.0,49.0,33.0,0.044444,0.049065
1211,60.0,50.0,40.0,100,54.0,50.0,40.0,0.016667,0.028868
1213,60.0,50.0,40.0,80,49.0,49.0,40.0,0.036111,0.053791
1178,60.0,40.0,40.0,90,55.0,42.0,38.0,0.047222,0.049301
1212,60.0,50.0,40.0,70,55.0,49.0,41.0,0.030556,0.032275
1198,60.0,50.0,20.0,90,69.0,47.0,20.0,0.041667,0.052042
1197,60.0,50.0,20.0,80,71.0,47.0,20.0,0.047222,0.060285
1207,60.0,50.0,35.0,100,62.0,51.0,33.0,0.033333,0.040825
1195,60.0,50.0,20.0,100,70.0,46.0,20.0,0.05,0.061614
1181,60.0,45.0,20.0,80,90.0,40.0,19.0,0.122222,0.153357
1196,60.0,50.0,20.0,70,75.0,47.0,20.0,0.058333,0.077728
1182,60.0,45.0,20.0,90,86.0,40.0,19.0,0.111111,0.135401
1183,60.0,45.0,25.0,100,55.0,49.0,24.0,0.047222,0.049301
1184,60.0,45.0,25.0,70,56.0,49.0,25.0,0.033333,0.043033
1186,60.0,45.0,30.0,70,81.0,43.0,28.0,0.091667,0.109819
1180,60.0,45.0,20.0,70,94.0,40.0,19.0,0.133333,0.171594
1187,60.0,45.0,30.0,80,83.0,42.0,28.0,0.102778,0.120666
1185,60.0,45.0,25.0,80,55.0,50.0,25.0,0.041667,0.053791
1189,60.0,45.0,35.0,100,60.0,41.0,33.0,0.044444,0.054433
1190,60.0,45.0,35.0,90,57.0,41.0,34.0,0.041667,0.045389
1191,60.0,45.0,40.0,100,60.0,51.0,39.0,0.044444,0.060858
1192,60.0,45.0,40.0,70,53.0,51.0,40.0,0.052778,0.06684
1188,60.0,45.0,30.0,90,82.0,42.0,29.0,0.088889,0.111389
1194,60.0,45.0,40.0,90,59.0,51.0,39.0,0.047222,0.061048
1193,60.0,45.0,40.0,80,56.0,51.0,39.0,0.055556,0.063828
1470,80.0,55.0,25.0,100,73.0,65.0,26.0,0.086111,0.103749
1479,80.0,55.0,35.0,70,87.0,58.0,34.0,0.047222,0.048352
1478,80.0,55.0,35.0,100,83.0,57.0,33.0,0.041667,0.045389
1477,80.0,55.0,30.0,90,89.0,53.0,29.0,0.047222,0.051144
1476,80.0,55.0,30.0,80,86.0,53.0,29.0,0.038889,0.039675
1473,80.0,55.0,25.0,90,72.0,64.0,26.0,0.083333,0.096705
1474,80.0,55.0,30.0,100,89.0,53.0,29.0,0.047222,0.051144
1472,80.0,55.0,25.0,80,73.0,63.0,26.0,0.075,0.086201
1469,80.0,55.0,20.0,90,87.0,60.0,20.0,0.047222,0.058729
1480,80.0,55.0,35.0,80,85.0,57.0,34.0,0.036111,0.036324
1471,80.0,55.0,25.0,70,70.0,63.0,25.0,0.072222,0.090779
1475,80.0,55.0,30.0,70,84.0,54.0,29.0,0.027778,0.028868
1481,80.0,55.0,35.0,90,85.0,57.0,34.0,0.036111,0.036324
1487,80.0,60.0,20.0,70,84.0,68.0,20.0,0.055556,0.079349
1482,80.0,55.0,40.0,100,76.0,56.0,39.0,0.027778,0.028868
1483,80.0,55.0,40.0,70,80.0,58.0,40.0,0.016667,0.028868
1484,80.0,55.0,40.0,80,76.0,58.0,39.0,0.038889,0.039675
1485,80.0,55.0,40.0,90,77.0,57.0,39.0,0.030556,0.030807
1486,80.0,60.0,20.0,100,85.0,67.0,20.0,0.052778,0.071524
1488,80.0,60.0,20.0,80,83.0,68.0,20.0,0.052778,0.078322
1489,80.0,60.0,20.0,90,84.0,68.0,20.0,0.055556,0.079349
1490,80.0,60.0,25.0,100,87.0,64.0,25.0,0.041667,0.051144
1491,80.0,60.0,25.0,70,79.0,64.0,25.0,0.025,0.03879
1468,80.0,55.0,20.0,80,87.0,61.0,20.0,0.052778,0.06684
1492,80.0,60.0,25.0,80,78.0,65.0,25.0,0.033333,0.049065
1493,80.0,60.0,25.0,90,86.0,64.0,25.0,0.038889,0.048113
1494,80.0,60.0,30.0,70,72.0,63.0,30.0,0.038889,0.048113
1495,80.0,60.0,30.0,80,74.0,61.0,30.0,0.022222,0.030429
1467,80.0,55.0,20.0,70,88.0,61.0,20.0,0.055556,0.069389
1431,80.0,45.0,20.0,90,72.0,47.0,20.0,0.033333,0.043033
1465,80.0,50.0,40.0,90,79.0,51.0,39.0,0.019444,0.022048
1417,80.0,40.0,30.0,70,75.0,45.0,30.0,0.041667,0.053791
1418,80.0,40.0,30.0,80,76.0,45.0,30.0,0.038889,0.051819
1496,80.0,60.0,30.0,90,76.0,60.0,29.0,0.022222,0.027217
1419,80.0,40.0,30.0,90,82.0,46.0,30.0,0.038889,0.058531
1420,80.0,40.0,35.0,100,65.0,46.0,36.0,0.086111,0.094404
1421,80.0,40.0,35.0,70,65.0,46.0,37.0,0.097222,0.100116
1422,80.0,40.0,35.0,80,68.0,45.0,36.0,0.072222,0.077579
1423,80.0,40.0,35.0,90,69.0,45.0,35.0,0.058333,0.071524
1424,80.0,40.0,40.0,100,75.0,40.0,39.0,0.025,0.030807
1425,80.0,40.0,40.0,70,76.0,42.0,40.0,0.022222,0.027217
1426,80.0,40.0,40.0,80,77.0,41.0,39.0,0.025,0.025909
1427,80.0,40.0,40.0,90,77.0,41.0,39.0,0.025,0.025909
1428,80.0,45.0,20.0,100,76.0,48.0,20.0,0.027778,0.034694
1466,80.0,55.0,20.0,100,93.0,60.0,20.0,0.063889,0.07891
1429,80.0,45.0,20.0,70,73.0,48.0,20.0,0.036111,0.044358
1432,80.0,45.0,25.0,100,64.0,51.0,25.0,0.077778,0.096225
1433,80.0,45.0,25.0,70,51.0,53.0,27.0,0.147222,0.163936
1434,80.0,45.0,25.0,80,59.0,52.0,26.0,0.108333,0.122946
1435,80.0,45.0,25.0,90,60.0,52.0,26.0,0.105556,0.119024
1436,80.0,45.0,30.0,100,58.0,51.0,30.0,0.094444,0.12057
1437,80.0,45.0,30.0,70,54.0,52.0,32.0,0.133333,0.147196
1438,80.0,45.0,30.0,80,60.0,50.0,31.0,0.094444,0.109291
1439,80.0,45.0,30.0,90,65.0,49.0,30.0,0.063889,0.081791
1460,80.0,50.0,35.0,70,85.0,52.0,36.0,0.036111,0.036324
1461,80.0,50.0,35.0,90,90.0,52.0,35.0,0.038889,0.051819
1462,80.0,50.0,40.0,100,73.0,54.0,39.0,0.052778,0.054645
1463,80.0,50.0,40.0,70,75.0,51.0,40.0,0.019444,0.025909
1464,80.0,50.0,40.0,80,80.0,51.0,39.0,0.016667,0.021517
1430,80.0,45.0,20.0,80,72.0,48.0,20.0,0.038889,0.048113
1497,80.0,60.0,35.0,100,77.0,62.0,34.0,0.030556,0.030807
1450,80.0,50.0,20.0,90,65.0,53.0,20.0,0.058333,0.077728
1499,80.0,60.0,35.0,80,73.0,64.0,35.0,0.041667,0.051144
1449,80.0,50.0,20.0,80,64.0,53.0,20.0,0.061111,0.082215
1451,80.0,50.0,25.0,100,92.0,51.0,23.0,0.061111,0.070053
1452,80.0,50.0,25.0,70,75.0,52.0,24.0,0.036111,0.036324
1453,80.0,50.0,25.0,80,78.0,52.0,24.0,0.027778,0.028868
1454,80.0,50.0,25.0,90,84.0,51.0,24.0,0.027778,0.028868
1455,80.0,50.0,30.0,100,73.0,55.0,29.0,0.058333,0.061802
1456,80.0,50.0,30.0,70,74.0,55.0,30.0,0.044444,0.056108
1523,80.0,65.0,40.0,90,79.0,69.0,39.0,0.036111,0.043301
1524,80.0,70.0,20.0,100,81.0,68.0,20.0,0.013889,0.019837
1525,80.0,70.0,20.0,70,81.0,69.0,20.0,0.008333,0.010758
1526,80.0,70.0,20.0,80,82.0,69.0,20.0,0.011111,0.013608
1527,80.0,70.0,20.0,90,83.0,68.0,20.0,0.019444,0.024056
1528,80.0,70.0,25.0,100,82.0,69.0,25.0,0.011111,0.013608
1529,80.0,70.0,25.0,70,81.0,67.0,25.0,0.019444,0.029266
1530,80.0,70.0,25.0,80,80.0,68.0,26.0,0.022222,0.027217
1531,80.0,70.0,25.0,90,83.0,69.0,25.0,0.013889,0.017347
1532,80.0,70.0,30.0,100,79.0,69.0,30.0,0.008333,0.010758
1533,80.0,70.0,30.0,70,82.0,69.0,31.0,0.022222,0.02357
1534,80.0,70.0,30.0,80,81.0,69.0,30.0,0.008333,0.010758
1535,80.0,70.0,30.0,90,81.0,69.0,30.0,0.008333,0.010758
1536,80.0,70.0,35.0,100,76.0,71.0,35.0,0.016667,0.021517
1537,80.0,70.0,35.0,70,71.0,70.0,35.0,0.025,0.043301
1538,80.0,70.0,35.0,80,75.0,69.0,34.0,0.030556,0.032275
1539,80.0,70.0,35.0,90,76.0,69.0,34.0,0.027778,0.028868
1541,80.0,70.0,40.0,70,74.0,70.0,39.0,0.027778,0.034694
1416,80.0,40.0,30.0,100,85.0,46.0,30.0,0.047222,0.062546
1540,80.0,70.0,40.0,100,79.0,69.0,39.0,0.019444,0.022048
1448,80.0,50.0,20.0,70,66.0,54.0,20.0,0.061111,0.077579
1447,80.0,50.0,20.0,100,74.0,51.0,20.0,0.022222,0.030429
1446,80.0,45.0,40.0,90,78.0,44.0,39.0,0.022222,0.02357
1445,80.0,45.0,40.0,80,80.0,45.0,39.0,0.011111,0.019245
1500,80.0,60.0,35.0,90,75.0,63.0,34.0,0.041667,0.042219
1501,80.0,60.0,40.0,100,80.0,60.0,39.0,0.011111,0.019245
1502,80.0,60.0,40.0,70,83.0,60.0,39.0,0.019444,0.024056
1503,80.0,60.0,40.0,80,80.0,61.0,40.0,0.005556,0.009623
1504,80.0,60.0,40.0,90,82.0,60.0,39.0,0.016667,0.021517
1505,80.0,65.0,20.0,100,83.0,67.0,20.0,0.019444,0.024056
1506,80.0,65.0,20.0,70,86.0,68.0,20.0,0.033333,0.040825
1507,80.0,65.0,20.0,80,86.0,68.0,20.0,0.033333,0.040825
1508,80.0,65.0,20.0,90,86.0,67.0,20.0,0.027778,0.034694
1509,80.0,65.0,25.0,100,77.0,70.0,26.0,0.047222,0.053791
1510,80.0,65.0,25.0,70,71.0,69.0,28.0,0.080556,0.081791
1511,80.0,65.0,25.0,80,71.0,70.0,27.0,0.075,0.075308
1512,80.0,65.0,30.0,100,74.0,67.0,30.0,0.027778,0.034694
1498,80.0,60.0,35.0,70,77.0,66.0,35.0,0.041667,0.059512
1513,80.0,65.0,30.0,70,74.0,68.0,30.0,0.033333,0.040825
1515,80.0,65.0,30.0,90,75.0,67.0,30.0,0.025,0.030807
1516,80.0,65.0,35.0,100,80.0,66.0,34.0,0.016667,0.021517
1517,80.0,65.0,35.0,70,76.0,68.0,37.0,0.05,0.051819
1518,80.0,65.0,35.0,80,77.0,67.0,36.0,0.030556,0.030807
1519,80.0,65.0,35.0,90,79.0,67.0,35.0,0.013889,0.019837
1520,80.0,65.0,40.0,100,78.0,71.0,39.0,0.05,0.061614
1521,80.0,65.0,40.0,70,75.0,69.0,40.0,0.036111,0.045389
1522,80.0,65.0,40.0,80,78.0,69.0,40.0,0.027778,0.039675
1440,80.0,45.0,35.0,100,74.0,49.0,34.0,0.05,0.051819
1441,80.0,45.0,35.0,80,76.0,49.0,36.0,0.044444,0.04714
1442,80.0,45.0,35.0,90,75.0,48.0,34.0,0.041667,0.042219
1443,80.0,45.0,40.0,100,75.0,44.0,39.0,0.030556,0.032275
1444,80.0,45.0,40.0,70,89.0,43.0,39.0,0.047222,0.051144
1514,80.0,65.0,30.0,80,75.0,68.0,30.0,0.030556,0.037577
1415,80.0,40.0,25.0,90,78.0,39.0,25.0,0.011111,0.013608
1339,80.0,20.0,30.0,70,63.0,14.0,32.0,0.102778,0.10726
1413,80.0,40.0,25.0,70,67.0,39.0,25.0,0.041667,0.063282
1321,80.0,15.0,30.0,80,76.0,13.0,30.0,0.022222,0.027217
1322,80.0,15.0,30.0,90,82.0,13.0,29.0,0.027778,0.028868
1323,80.0,15.0,35.0,100,90.0,17.0,35.0,0.038889,0.051819
1324,80.0,15.0,35.0,70,95.0,16.0,36.0,0.058333,0.075308
1325,80.0,15.0,35.0,80,90.0,16.0,36.0,0.044444,0.052705
1326,80.0,15.0,35.0,90,90.0,17.0,35.0,0.038889,0.051819
1327,80.0,15.0,40.0,100,81.0,13.0,40.0,0.013889,0.019837
1328,80.0,15.0,40.0,70,78.0,15.0,40.0,0.005556,0.009623
1329,80.0,15.0,40.0,90,83.0,13.0,40.0,0.019444,0.024056
1330,80.0,20.0,20.0,100,77.0,21.0,20.0,0.013889,0.017347
1331,80.0,20.0,20.0,70,64.0,19.0,19.0,0.061111,0.079931
1332,80.0,20.0,20.0,80,68.0,19.0,20.0,0.038889,0.058531
1333,80.0,20.0,20.0,90,72.0,20.0,20.0,0.022222,0.03849
1334,80.0,20.0,25.0,100,89.0,22.0,25.0,0.036111,0.047385
1335,80.0,20.0,25.0,70,77.0,19.0,24.0,0.025,0.025909
1336,80.0,20.0,25.0,80,86.0,21.0,25.0,0.022222,0.030429
1337,80.0,20.0,25.0,90,86.0,21.0,25.0,0.022222,0.030429
1338,80.0,20.0,30.0,100,82.0,15.0,32.0,0.055556,0.062361
1340,80.0,20.0,30.0,80,68.0,15.0,31.0,0.072222,0.077579
1341,80.0,20.0,30.0,90,73.0,16.0,31.0,0.052778,0.054645
1342,80.0,20.0,35.0,100,87.0,21.0,34.0,0.036111,0.039965
1343,80.0,20.0,35.0,70,96.0,22.0,35.0,0.055556,0.079349
1344,80.0,20.0,35.0,80,90.0,20.0,35.0,0.027778,0.048113
1345,80.0,20.0,35.0,90,88.0,20.0,35.0,0.022222,0.03849
1346,80.0,20.0,40.0,100,81.0,23.0,40.0,0.019444,0.029266
1347,80.0,20.0,40.0,70,88.0,23.0,40.0,0.038889,0.048113
1348,80.0,20.0,40.0,80,84.0,23.0,40.0,0.027778,0.034694
1320,80.0,15.0,30.0,70,63.0,11.0,30.0,0.069444,0.090395
1319,80.0,15.0,30.0,100,85.0,14.0,29.0,0.030556,0.032275
1318,80.0,15.0,25.0,90,80.0,15.0,25.0,0.0,0.0
1317,80.0,15.0,25.0,80,76.0,15.0,25.0,0.011111,0.019245
1459,80.0,50.0,35.0,100,89.0,53.0,34.0,0.052778,0.055486
1458,80.0,50.0,30.0,90,73.0,54.0,29.0,0.052778,0.054645
1291,80.0,10.0,20.0,100,104.0,12.0,20.0,0.077778,0.117063
1292,80.0,10.0,20.0,70,95.0,10.0,20.0,0.041667,0.072169
1293,80.0,10.0,20.0,80,98.0,10.0,20.0,0.05,0.086603
1294,80.0,10.0,20.0,90,100.0,11.0,20.0,0.061111,0.096705
1295,80.0,10.0,25.0,100,91.0,10.0,25.0,0.030556,0.052924
1296,80.0,10.0,25.0,70,88.0,10.0,25.0,0.022222,0.03849
1297,80.0,10.0,25.0,80,82.0,10.0,25.0,0.005556,0.009623
1298,80.0,10.0,25.0,90,85.0,10.0,25.0,0.013889,0.024056
1299,80.0,10.0,30.0,100,88.0,10.0,33.0,0.055556,0.069389
1300,80.0,10.0,30.0,70,69.0,10.0,30.0,0.030556,0.052924
1301,80.0,10.0,30.0,80,73.0,10.0,30.0,0.019444,0.033679
1349,80.0,20.0,40.0,90,84.0,23.0,40.0,0.027778,0.034694
1302,80.0,10.0,30.0,90,83.0,10.0,30.0,0.008333,0.014434
1304,80.0,10.0,35.0,70,86.0,11.0,35.0,0.022222,0.030429
1305,80.0,10.0,35.0,80,77.0,10.0,35.0,0.008333,0.014434
1306,80.0,10.0,35.0,90,76.0,11.0,34.0,0.027778,0.028868
1307,80.0,10.0,40.0,100,89.0,12.0,40.0,0.036111,0.047385
1308,80.0,10.0,40.0,70,90.0,13.0,40.0,0.044444,0.056108
1309,80.0,10.0,40.0,80,83.0,10.0,40.0,0.008333,0.014434
1310,80.0,10.0,40.0,90,88.0,11.0,40.0,0.027778,0.039675
1311,80.0,15.0,20.0,100,86.0,16.0,19.0,0.033333,0.036004
1312,80.0,15.0,20.0,70,74.0,14.0,19.0,0.033333,0.036004
1313,80.0,15.0,20.0,80,78.0,14.0,20.0,0.011111,0.013608
1314,80.0,15.0,20.0,90,86.0,16.0,20.0,0.022222,0.030429
1315,80.0,15.0,25.0,100,84.0,16.0,24.0,0.027778,0.028868
1316,80.0,15.0,25.0,70,74.0,14.0,25.0,0.022222,0.030429
1303,80.0,10.0,35.0,100,78.0,11.0,34.0,0.022222,0.02357
1350,80.0,25.0,20.0,100,85.0,24.0,20.0,0.019444,0.025909
1351,80.0,25.0,20.0,70,86.0,25.0,20.0,0.016667,0.028868
1352,80.0,25.0,20.0,80,87.0,24.0,20.0,0.025,0.035026
1385,80.0,30.0,40.0,100,70.0,39.0,39.0,0.088889,0.100922
1386,80.0,30.0,40.0,80,76.0,38.0,39.0,0.066667,0.08165
1387,80.0,30.0,40.0,90,73.0,38.0,39.0,0.075,0.086201
1388,80.0,35.0,20.0,100,68.0,40.0,20.0,0.061111,0.075154
1389,80.0,35.0,20.0,70,74.0,39.0,20.0,0.038889,0.048113
1390,80.0,35.0,20.0,80,70.0,40.0,20.0,0.055556,0.068041
1391,80.0,35.0,20.0,90,70.0,39.0,20.0,0.05,0.061614
1392,80.0,35.0,25.0,100,71.0,37.0,24.0,0.047222,0.051144
1393,80.0,35.0,25.0,70,64.0,35.0,24.0,0.055556,0.079349
1394,80.0,35.0,25.0,80,65.0,36.0,24.0,0.058333,0.075308
1395,80.0,35.0,25.0,90,68.0,37.0,24.0,0.055556,0.063828
1396,80.0,35.0,30.0,100,77.0,37.0,29.0,0.030556,0.030807
1397,80.0,35.0,30.0,70,83.0,36.0,28.0,0.036111,0.042219
1384,80.0,30.0,35.0,90,87.0,35.0,35.0,0.047222,0.058729
1398,80.0,35.0,30.0,80,79.0,37.0,29.0,0.025,0.027639
1400,80.0,35.0,35.0,100,79.0,39.0,35.0,0.025,0.03879
1401,80.0,35.0,35.0,70,77.0,38.0,37.0,0.047222,0.050231
1402,80.0,35.0,35.0,80,71.0,39.0,37.0,0.069444,0.069555
1403,80.0,35.0,35.0,90,71.0,39.0,36.0,0.058333,0.061048
1404,80.0,35.0,40.0,100,74.0,38.0,39.0,0.044444,0.045134
1405,80.0,35.0,40.0,70,74.0,38.0,40.0,0.033333,0.040825
1406,80.0,35.0,40.0,80,74.0,38.0,39.0,0.044444,0.045134
1407,80.0,35.0,40.0,90,77.0,38.0,39.0,0.036111,0.037577
1408,80.0,40.0,20.0,100,97.0,40.0,19.0,0.058333,0.084025
1409,80.0,40.0,20.0,70,94.0,39.0,19.0,0.055556,0.070711
1410,80.0,40.0,20.0,80,96.0,39.0,19.0,0.061111,0.079931
1411,80.0,40.0,20.0,90,101.0,38.0,19.0,0.080556,0.104638
1412,80.0,40.0,25.0,100,80.0,39.0,24.0,0.016667,0.021517
1399,80.0,35.0,30.0,90,80.0,37.0,29.0,0.022222,0.027217
1414,80.0,40.0,25.0,80,74.0,39.0,25.0,0.022222,0.030429
1383,80.0,30.0,35.0,80,92.0,34.0,36.0,0.066667,0.072008
1381,80.0,30.0,35.0,100,88.0,35.0,35.0,0.05,0.061614
1353,80.0,25.0,20.0,90,85.0,24.0,20.0,0.019444,0.025909
1354,80.0,25.0,25.0,100,83.0,19.0,25.0,0.041667,0.059512
1355,80.0,25.0,25.0,70,79.0,18.0,24.0,0.052778,0.070218
1356,80.0,25.0,25.0,80,74.0,18.0,25.0,0.055556,0.073283
1357,80.0,25.0,25.0,90,79.0,18.0,25.0,0.041667,0.067529
1358,80.0,25.0,30.0,100,70.0,30.0,30.0,0.055556,0.068041
1359,80.0,25.0,30.0,70,60.0,28.0,30.0,0.072222,0.100462
1360,80.0,25.0,30.0,80,61.0,29.0,30.0,0.075,0.099187
1361,80.0,25.0,35.0,100,85.0,33.0,34.0,0.069444,0.082916
1362,80.0,25.0,35.0,70,96.0,31.0,35.0,0.077778,0.096225
1363,80.0,25.0,35.0,80,85.0,32.0,37.0,0.075,0.081223
1364,80.0,25.0,35.0,90,85.0,33.0,35.0,0.058333,0.080651
1365,80.0,25.0,40.0,100,79.0,25.0,40.0,0.002778,0.004811
1382,80.0,30.0,35.0,70,99.0,33.0,36.0,0.080556,0.097776
1366,80.0,25.0,40.0,70,87.0,25.0,40.0,0.019444,0.033679
1368,80.0,25.0,40.0,90,79.0,25.0,40.0,0.002778,0.004811
1369,80.0,30.0,20.0,100,80.0,34.0,20.0,0.022222,0.03849
1370,80.0,30.0,20.0,70,83.0,34.0,20.0,0.030556,0.041107
1371,80.0,30.0,20.0,80,77.0,34.0,20.0,0.030556,0.041107
1372,80.0,30.0,20.0,90,78.0,34.0,20.0,0.027778,0.039675
1373,80.0,30.0,25.0,100,84.0,27.0,25.0,0.027778,0.034694
1374,80.0,30.0,25.0,70,78.0,26.0,24.0,0.038889,0.044096
1375,80.0,30.0,25.0,80,80.0,27.0,25.0,0.016667,0.028868
1376,80.0,30.0,25.0,90,84.0,28.0,25.0,0.022222,0.027217
1377,80.0,30.0,30.0,100,105.0,36.0,29.0,0.113889,0.134801
1378,80.0,30.0,30.0,70,124.0,34.0,27.0,0.177778,0.222777
1379,80.0,30.0,30.0,80,118.0,35.0,28.0,0.155556,0.192931
1380,80.0,30.0,30.0,90,110.0,36.0,29.0,0.127778,0.156643
1367,80.0,25.0,40.0,80,78.0,25.0,40.0,0.005556,0.009623
1457,80.0,50.0,30.0,80,73.0,54.0,30.0,0.041667,0.051144
1543,80.0,70.0,40.0,90,80.0,69.0,39.0,0.016667,0.021517
42,80.0,60.0,30.0,100,75.0,60.0,29.0,0.025,0.030807
1542,80.0,70.0,40.0,80,79.0,69.0,39.0,0.019444,0.022048
43,80.0,65.0,25.0,90,75.0,70.0,27.0,0.063889,0.066144
41,80.0,50.0,35.0,80,89.0,52.0,35.0,0.036111,0.047385
40,80.0,45.0,35.0,70,79.0,49.0,36.0,0.036111,0.043301
39,80.0,30.0,40.0,70,83.0,38.0,39.0,0.063889,0.080651
38,80.0,25.0,30.0,90,66.0,30.0,30.0,0.066667,0.082776
37,80.0,15.0,40.0,80,78.0,12.0,40.0,0.022222,0.030429
203,100.0,50.0,25.0,80,122.0,46.0,24.0,0.094444,0.114261
202,100.0,50.0,25.0,70,118.0,46.0,24.0,0.083333,0.096705
200,100.0,50.0,20.0,90,64.0,49.0,20.0,0.105556,0.173472
199,100.0,50.0,20.0,80,66.0,49.0,20.0,0.1,0.163865
198,100.0,50.0,20.0,70,76.0,49.0,20.0,0.072222,0.11587
197,100.0,50.0,20.0,100,65.0,48.0,20.0,0.108333,0.16949
196,100.0,45.0,40.0,90,71.0,42.0,39.0,0.108333,0.143775
195,100.0,45.0,40.0,80,68.0,42.0,40.0,0.105556,0.156643
194,100.0,45.0,40.0,70,69.0,43.0,40.0,0.097222,0.150385
193,100.0,45.0,40.0,100,71.0,41.0,39.0,0.113889,0.146012
192,100.0,45.0,35.0,90,109.0,47.0,35.0,0.036111,0.047385
191,100.0,45.0,35.0,80,114.0,47.0,34.0,0.061111,0.072648
204,100.0,50.0,25.0,90,127.0,46.0,24.0,0.108333,0.136846
205,100.0,50.0,30.0,100,89.0,51.0,29.0,0.047222,0.05713
0,100.0,15.0,20.0,90,93.0,12.0,20.0,0.036111,0.044358
207,100.0,50.0,30.0,80,88.0,51.0,29.0,0.05,0.061614
190,100.0,45.0,35.0,70,112.0,46.0,32.0,0.072222,0.082215
208,100.0,50.0,30.0,90,87.0,51.0,29.0,0.052778,0.066144
209,100.0,50.0,40.0,100,74.0,44.0,39.0,0.116667,0.139111
210,100.0,50.0,40.0,70,81.0,44.0,39.0,0.097222,0.109819
211,100.0,50.0,40.0,80,76.0,45.0,39.0,0.105556,0.126564
212,100.0,50.0,40.0,90,76.0,44.0,39.0,0.111111,0.130526
213,100.0,55.0,20.0,100,85.0,55.0,20.0,0.041667,0.072169
214,100.0,55.0,20.0,70,93.0,53.0,20.0,0.030556,0.03879
215,100.0,55.0,20.0,80,91.0,55.0,20.0,0.025,0.043301
216,100.0,55.0,25.0,100,74.0,56.0,24.0,0.088889,0.12693
217,100.0,55.0,25.0,70,71.0,56.0,25.0,0.086111,0.139858
218,100.0,55.0,25.0,80,71.0,56.0,25.0,0.086111,0.139858
206,100.0,50.0,30.0,70,84.0,51.0,29.0,0.061111,0.079931
189,100.0,45.0,35.0,100,106.0,46.0,35.0,0.022222,0.030429
184,100.0,45.0,25.0,90,124.0,40.0,25.0,0.094444,0.125093
187,100.0,45.0,30.0,80,100.0,38.0,27.0,0.072222,0.088715
159,100.0,40.0,20.0,80,97.0,39.0,19.0,0.025,0.025909
160,100.0,40.0,20.0,90,95.0,39.0,19.0,0.030556,0.032275
161,100.0,40.0,25.0,100,82.0,38.0,25.0,0.061111,0.088715
162,100.0,40.0,25.0,70,80.0,37.0,24.0,0.083333,0.102289
163,100.0,40.0,25.0,80,90.0,37.0,24.0,0.055556,0.059317
164,100.0,40.0,25.0,90,83.0,38.0,25.0,0.058333,0.084025
165,100.0,40.0,30.0,100,93.0,39.0,28.0,0.047222,0.052042
166,100.0,40.0,30.0,70,89.0,41.0,28.0,0.058333,0.066144
167,100.0,40.0,30.0,80,87.0,40.0,28.0,0.058333,0.073441
168,100.0,40.0,30.0,90,90.0,39.0,28.0,0.055556,0.062361
169,100.0,40.0,35.0,100,93.0,39.0,28.0,0.102778,0.139194
170,100.0,40.0,35.0,70,89.0,41.0,28.0,0.113889,0.145057
171,100.0,40.0,35.0,80,87.0,40.0,28.0,0.113889,0.148527
188,100.0,45.0,30.0,90,93.0,38.0,28.0,0.080556,0.084574
172,100.0,40.0,35.0,90,90.0,39.0,28.0,0.111111,0.143372
174,100.0,40.0,40.0,70,43.0,48.0,40.0,0.202778,0.284841
175,100.0,40.0,40.0,80,54.0,47.0,39.0,0.177778,0.23214
176,100.0,40.0,40.0,90,61.0,46.0,39.0,0.152778,0.197261
177,100.0,45.0,20.0,100,111.0,36.0,19.0,0.091667,0.103302
178,100.0,45.0,20.0,70,103.0,38.0,19.0,0.058333,0.071524
179,100.0,45.0,20.0,80,106.0,38.0,19.0,0.066667,0.075768
180,100.0,45.0,20.0,90,109.0,37.0,19.0,0.080556,0.090395
181,100.0,45.0,25.0,100,124.0,41.0,25.0,0.088889,0.121716
182,100.0,45.0,25.0,70,122.0,39.0,24.0,0.105556,0.122096
183,100.0,45.0,25.0,80,123.0,40.0,25.0,0.091667,0.120666
219,100.0,55.0,25.0,90,76.0,56.0,24.0,0.083333,0.117458
185,100.0,45.0,30.0,100,87.0,38.0,28.0,0.097222,0.099652
186,100.0,45.0,30.0,70,94.0,39.0,27.0,0.083333,0.086603
173,100.0,40.0,40.0,100,66.0,45.0,39.0,0.133333,0.171594
220,100.0,55.0,30.0,100,81.0,54.0,29.0,0.069444,0.093912
224,100.0,55.0,35.0,100,77.0,53.0,33.0,0.097222,0.118732
222,100.0,55.0,30.0,80,84.0,53.0,29.0,0.066667,0.08165
255,100.0,65.0,30.0,70,104.0,67.0,31.0,0.033333,0.033333
256,100.0,65.0,30.0,80,106.0,65.0,31.0,0.027778,0.034694
257,100.0,65.0,30.0,90,107.0,65.0,31.0,0.030556,0.03879
258,100.0,65.0,35.0,100,117.0,63.0,34.0,0.069444,0.086201
259,100.0,65.0,35.0,70,124.0,64.0,35.0,0.072222,0.11587
260,100.0,65.0,35.0,80,120.0,64.0,34.0,0.072222,0.098601
261,100.0,65.0,35.0,90,119.0,64.0,34.0,0.069444,0.093912
262,100.0,70.0,20.0,100,107.0,68.0,20.0,0.030556,0.03879
263,100.0,70.0,20.0,70,104.0,67.0,19.0,0.038889,0.039675
264,100.0,70.0,20.0,80,103.0,68.0,20.0,0.019444,0.024056
265,100.0,70.0,20.0,90,105.0,68.0,20.0,0.025,0.030807
266,100.0,70.0,25.0,100,107.0,68.0,25.0,0.030556,0.03879
267,100.0,70.0,25.0,70,93.0,68.0,27.0,0.052778,0.054645
268,100.0,70.0,25.0,80,96.0,69.0,26.0,0.027778,0.028868
269,100.0,70.0,25.0,90,99.0,69.0,26.0,0.019444,0.022048
270,100.0,70.0,30.0,100,118.0,68.0,28.0,0.083333,0.096705
271,100.0,70.0,30.0,70,118.0,68.0,29.0,0.072222,0.090779
272,100.0,70.0,30.0,80,114.0,68.0,29.0,0.061111,0.072648
273,100.0,70.0,30.0,90,116.0,68.0,29.0,0.066667,0.08165
274,100.0,70.0,35.0,100,100.0,66.0,34.0,0.033333,0.043033
275,100.0,70.0,35.0,70,98.0,66.0,35.0,0.027778,0.039675
276,100.0,70.0,35.0,80,96.0,66.0,35.0,0.033333,0.043033
277,100.0,70.0,35.0,90,98.0,66.0,34.0,0.038889,0.044096
278,100.0,70.0,40.0,100,112.0,68.0,38.0,0.066667,0.072008
279,100.0,70.0,40.0,70,103.0,67.0,38.0,0.047222,0.050231
280,100.0,70.0,40.0,80,102.0,67.0,38.0,0.044444,0.049065
281,100.0,70.0,40.0,90,110.0,67.0,38.0,0.066667,0.068041
254,100.0,65.0,25.0,90,95.0,68.0,25.0,0.030556,0.037577
253,100.0,65.0,25.0,80,84.0,68.0,26.0,0.072222,0.084437
252,100.0,65.0,25.0,70,84.0,67.0,26.0,0.066667,0.08165
251,100.0,65.0,25.0,100,103.0,67.0,25.0,0.019444,0.024056
223,100.0,55.0,30.0,90,81.0,53.0,29.0,0.075,0.095379
158,100.0,40.0,20.0,70,97.0,38.0,20.0,0.019444,0.024056
225,100.0,55.0,35.0,70,60.0,55.0,36.0,0.122222,0.19341
226,100.0,55.0,35.0,80,74.0,53.0,34.0,0.094444,0.128019
227,100.0,55.0,35.0,90,74.0,54.0,33.0,0.1,0.131233
228,100.0,55.0,40.0,100,83.0,54.0,39.0,0.063889,0.084574
229,100.0,55.0,40.0,70,113.0,48.0,38.0,0.097222,0.099652
230,100.0,55.0,40.0,80,99.0,52.0,40.0,0.019444,0.029266
231,100.0,55.0,40.0,90,89.0,52.0,39.0,0.058333,0.063282
232,100.0,60.0,20.0,100,96.0,68.0,21.0,0.066667,0.08165
233,100.0,60.0,20.0,70,98.0,66.0,20.0,0.038889,0.058531
234,100.0,60.0,20.0,80,92.0,67.0,20.0,0.061111,0.077579
235,100.0,60.0,20.0,90,94.0,68.0,21.0,0.072222,0.084437
221,100.0,55.0,30.0,70,76.0,54.0,29.0,0.083333,0.117458
236,100.0,60.0,25.0,100,115.0,62.0,25.0,0.052778,0.074691
238,100.0,60.0,25.0,80,108.0,62.0,25.0,0.033333,0.043033
239,100.0,60.0,25.0,90,116.0,62.0,25.0,0.055556,0.079349
240,100.0,60.0,30.0,100,117.0,62.0,29.0,0.069444,0.086201
241,100.0,60.0,30.0,70,101.0,65.0,31.0,0.041667,0.052042
242,100.0,60.0,30.0,80,100.0,64.0,31.0,0.033333,0.043033
243,100.0,60.0,30.0,90,102.0,63.0,31.0,0.033333,0.036004
244,100.0,60.0,35.0,100,103.0,64.0,34.0,0.041667,0.045389
245,100.0,60.0,35.0,70,97.0,66.0,36.0,0.052778,0.062546
246,100.0,60.0,35.0,90,99.0,65.0,35.0,0.030556,0.048352
247,100.0,65.0,20.0,100,105.0,67.0,19.0,0.036111,0.036324
248,100.0,65.0,20.0,70,97.0,67.0,20.0,0.019444,0.024056
249,100.0,65.0,20.0,80,97.0,68.0,20.0,0.025,0.032275
250,100.0,65.0,20.0,90,98.0,67.0,19.0,0.027778,0.028868
237,100.0,60.0,25.0,70,111.0,60.0,25.0,0.030556,0.052924
157,100.0,40.0,20.0,100,95.0,39.0,19.0,0.030556,0.032275
201,100.0,50.0,25.0,100,126.0,45.0,24.0,0.111111,0.135401
155,100.0,35.0,40.0,80,74.0,37.0,40.0,0.083333,0.126564
69,100.0,15.0,25.0,80,104.0,13.0,24.0,0.033333,0.033333
70,100.0,15.0,25.0,90,106.0,13.0,24.0,0.038889,0.039675
71,100.0,15.0,30.0,100,79.0,10.0,30.0,0.086111,0.111907
72,100.0,15.0,30.0,70,90.0,11.0,28.0,0.072222,0.072648
73,100.0,15.0,30.0,80,82.0,10.0,29.0,0.088889,0.100922
74,100.0,15.0,30.0,90,82.0,10.0,29.0,0.088889,0.100922
75,100.0,15.0,35.0,100,79.0,12.0,32.0,0.108333,0.119896
76,100.0,15.0,35.0,70,90.0,10.0,35.0,0.055556,0.068041
77,100.0,15.0,35.0,80,71.0,10.0,35.0,0.108333,0.147589
78,100.0,15.0,35.0,90,73.0,11.0,33.0,0.119444,0.140847
79,100.0,15.0,40.0,100,107.0,18.0,39.0,0.047222,0.048352
80,100.0,15.0,40.0,70,77.0,13.0,40.0,0.075,0.11232
68,100.0,15.0,25.0,70,101.0,13.0,23.0,0.036111,0.043301
81,100.0,15.0,40.0,80,91.0,15.0,40.0,0.025,0.043301
83,100.0,20.0,20.0,100,74.0,18.0,19.0,0.094444,0.128019
84,100.0,20.0,20.0,70,69.0,15.0,20.0,0.113889,0.156717
85,100.0,20.0,20.0,80,70.0,16.0,20.0,0.105556,0.149381
86,100.0,20.0,20.0,90,75.0,17.0,20.0,0.086111,0.123697
87,100.0,20.0,25.0,100,99.0,16.0,24.0,0.036111,0.043301
88,100.0,20.0,25.0,70,74.0,13.0,24.0,0.122222,0.143372
89,100.0,20.0,25.0,80,87.0,14.0,24.0,0.080556,0.087268
90,100.0,20.0,25.0,90,92.0,15.0,24.0,0.061111,0.06455
91,100.0,20.0,30.0,100,84.0,17.0,29.0,0.072222,0.084437
92,100.0,20.0,30.0,70,80.0,16.0,29.0,0.088889,0.105409
93,100.0,20.0,30.0,80,77.0,16.0,29.0,0.097222,0.118732
94,100.0,20.0,30.0,90,77.0,17.0,29.0,0.091667,0.11597
82,100.0,15.0,40.0,90,94.0,15.0,39.0,0.027778,0.034694
95,100.0,20.0,35.0,100,93.0,19.0,33.0,0.047222,0.052042
67,100.0,15.0,25.0,100,108.0,14.0,23.0,0.05,0.055277
65,100.0,15.0,20.0,70,90.0,11.0,20.0,0.05,0.061614
1,100.0,35.0,20.0,70,94.0,34.0,20.0,0.022222,0.030429
2,100.0,35.0,35.0,80,80.0,36.0,33.0,0.083333,0.104083
3,100.0,55.0,20.0,90,87.0,55.0,20.0,0.036111,0.062546
4,100.0,60.0,35.0,80,98.0,65.0,35.0,0.033333,0.049065
5,100.0,65.0,30.0,100,112.0,64.0,30.0,0.038889,0.058531
44,100.0,10.0,20.0,100,107.0,14.0,20.0,0.041667,0.051144
45,100.0,10.0,20.0,70,103.0,12.0,20.0,0.019444,0.024056
156,100.0,35.0,40.0,90,76.0,37.0,39.0,0.088889,0.118634
47,100.0,10.0,20.0,90,108.0,13.0,20.0,0.038889,0.048113
48,100.0,10.0,25.0,100,110.0,11.0,24.0,0.044444,0.052705
49,100.0,10.0,25.0,70,107.0,12.0,24.0,0.041667,0.043301
50,100.0,10.0,25.0,80,111.0,11.0,24.0,0.047222,0.05713
66,100.0,15.0,20.0,80,90.0,11.0,20.0,0.05,0.061614
51,100.0,10.0,25.0,90,115.0,12.0,24.0,0.063889,0.07713
53,100.0,10.0,30.0,70,116.0,10.0,28.0,0.066667,0.086066
54,100.0,10.0,30.0,80,106.0,10.0,28.0,0.038889,0.048113
55,100.0,10.0,30.0,90,103.0,10.0,29.0,0.019444,0.024056
56,100.0,10.0,35.0,100,85.0,11.0,36.0,0.058333,0.075308
57,100.0,10.0,35.0,70,107.0,10.0,36.0,0.030556,0.03879
58,100.0,10.0,35.0,80,79.0,10.0,39.0,0.102778,0.127021
59,100.0,10.0,35.0,90,72.0,10.0,39.0,0.122222,0.155158
60,100.0,10.0,40.0,100,81.0,10.0,40.0,0.052778,0.091414
61,100.0,10.0,40.0,70,80.0,10.0,40.0,0.055556,0.096225
62,100.0,10.0,40.0,80,76.0,10.0,40.0,0.066667,0.11547
63,100.0,10.0,40.0,90,84.0,10.0,39.0,0.055556,0.079349
64,100.0,15.0,20.0,100,97.0,11.0,20.0,0.030556,0.041107
52,100.0,10.0,30.0,100,101.0,10.0,29.0,0.013889,0.019837
96,100.0,20.0,35.0,70,93.0,20.0,33.0,0.041667,0.051144
46,100.0,10.0,20.0,80,104.0,12.0,20.0,0.022222,0.027217
98,100.0,20.0,35.0,90,90.0,20.0,33.0,0.05,0.061614
129,100.0,30.0,30.0,80,84.0,25.0,29.0,0.083333,0.092796
130,100.0,30.0,30.0,90,89.0,26.0,29.0,0.063889,0.068211
131,100.0,30.0,35.0,100,75.0,32.0,33.0,0.102778,0.127748
132,100.0,30.0,35.0,70,89.0,33.0,34.0,0.058333,0.063282
133,100.0,30.0,35.0,80,73.0,31.0,35.0,0.080556,0.13026
134,100.0,30.0,35.0,90,73.0,31.0,34.0,0.091667,0.131674
135,100.0,30.0,40.0,100,92.0,29.0,39.0,0.038889,0.044096
136,100.0,30.0,40.0,70,100.0,32.0,38.0,0.033333,0.043033
137,100.0,30.0,40.0,80,90.0,31.0,39.0,0.044444,0.052705
138,100.0,30.0,40.0,90,92.0,29.0,39.0,0.038889,0.044096
139,100.0,35.0,20.0,100,97.0,34.0,19.0,0.025,0.025909
140,100.0,35.0,20.0,80,93.0,33.0,19.0,0.041667,0.043301
128,100.0,30.0,30.0,70,84.0,24.0,29.0,0.088889,0.098131
141,100.0,35.0,20.0,90,90.0,34.0,19.0,0.044444,0.052705
143,100.0,35.0,25.0,70,86.0,33.0,23.0,0.072222,0.079931
144,100.0,35.0,25.0,80,76.0,34.0,23.0,0.094444,0.122096
145,100.0,35.0,25.0,90,76.0,35.0,24.0,0.077778,0.117063
146,100.0,35.0,30.0,100,78.0,30.0,29.0,0.1,0.117851
147,100.0,35.0,30.0,70,55.0,28.0,31.0,0.175,0.227557
148,100.0,35.0,30.0,80,63.0,29.0,30.0,0.136111,0.187145
149,100.0,35.0,30.0,90,73.0,30.0,29.0,0.113889,0.139858
150,100.0,35.0,35.0,100,80.0,35.0,33.0,0.077778,0.103638
151,100.0,35.0,35.0,70,80.0,36.0,33.0,0.083333,0.104083
152,100.0,35.0,35.0,90,81.0,35.0,33.0,0.075,0.099187
153,100.0,35.0,40.0,100,78.0,37.0,39.0,0.083333,0.109291
97,100.0,20.0,35.0,80,92.0,20.0,33.0,0.044444,0.054433
142,100.0,35.0,25.0,100,83.0,35.0,23.0,0.069444,0.090395
127,100.0,30.0,30.0,100,90.0,25.0,29.0,0.066667,0.070711
154,100.0,35.0,40.0,70,80.0,36.0,40.0,0.061111,0.096705
125,100.0,30.0,25.0,80,86.0,25.0,24.0,0.077778,0.084984
100,100.0,20.0,40.0,70,89.0,22.0,38.0,0.063889,0.068211
101,100.0,20.0,40.0,80,87.0,19.0,39.0,0.052778,0.066144
102,100.0,20.0,40.0,90,87.0,19.0,39.0,0.052778,0.066144
103,100.0,25.0,20.0,100,72.0,18.0,20.0,0.116667,0.150616
99,100.0,20.0,40.0,100,94.0,20.0,39.0,0.027778,0.034694
104,100.0,25.0,20.0,70,63.0,18.0,20.0,0.141667,0.190334
105,100.0,25.0,20.0,80,65.0,18.0,20.0,0.136111,0.181366
106,100.0,25.0,20.0,90,74.0,20.0,20.0,0.1,0.134026
108,100.0,25.0,25.0,70,95.0,19.0,23.0,0.069444,0.073441
109,100.0,25.0,25.0,80,102.0,19.0,23.0,0.061111,0.070053
110,100.0,25.0,25.0,90,104.0,19.0,23.0,0.066667,0.072008
111,100.0,25.0,30.0,100,88.0,22.0,29.0,0.061111,0.067358
112,100.0,25.0,30.0,70,85.0,20.0,27.0,0.102778,0.104194
107,100.0,25.0,25.0,100,103.0,19.0,23.0,0.063889,0.070874
113,100.0,25.0,30.0,80,89.0,22.0,28.0,0.069444,0.071524
124,100.0,30.0,25.0,70,88.0,25.0,24.0,0.072222,0.077579
123,100.0,30.0,25.0,100,90.0,25.0,24.0,0.066667,0.070711
122,100.0,25.0,40.0,90,87.0,26.0,40.0,0.041667,0.063282
121,100.0,25.0,40.0,80,82.0,25.0,40.0,0.05,0.086603
120,100.0,25.0,40.0,70,81.0,25.0,40.0,0.052778,0.091414
119,100.0,25.0,40.0,100,80.0,25.0,40.0,0.055556,0.096225
126,100.0,30.0,25.0,90,86.0,25.0,24.0,0.077778,0.084984
117,100.0,25.0,35.0,80,73.0,23.0,35.0,0.086111,0.131322
116,100.0,25.0,35.0,70,70.0,22.0,36.0,0.111111,0.148449
115,100.0,25.0,35.0,100,80.0,25.0,34.0,0.066667,0.098131
114,100.0,25.0,30.0,90,88.0,22.0,29.0,0.061111,0.067358
118,100.0,25.0,35.0,90,79.0,24.0,34.0,0.075,0.103302
350,120.0,25.0,40.0,80,97.0,14.0,38.0,0.147222,0.157894
349,120.0,25.0,40.0,70,99.0,15.0,38.0,0.136111,0.144738
351,120.0,25.0,40.0,90,110.0,15.0,37.0,0.116667,0.122096
347,120.0,25.0,35.0,90,130.0,18.0,34.0,0.077778,0.084984
346,120.0,25.0,35.0,80,130.0,16.0,34.0,0.088889,0.100922
345,120.0,25.0,35.0,70,126.0,15.0,35.0,0.072222,0.100462
341,120.0,25.0,30.0,70,123.0,10.0,32.0,0.113889,0.150077
344,120.0,25.0,35.0,100,128.0,18.0,35.0,0.061111,0.077579
343,120.0,25.0,30.0,90,128.0,12.0,31.0,0.105556,0.132288
342,120.0,25.0,30.0,80,127.0,12.0,31.0,0.102778,0.130969
348,120.0,25.0,40.0,100,111.0,15.0,38.0,0.102778,0.11232
332,120.0,25.0,20.0,100,119.0,10.0,20.0,0.086111,0.144418
339,120.0,25.0,25.0,90,125.0,17.0,24.0,0.069444,0.082916
338,120.0,25.0,25.0,80,121.0,15.0,24.0,0.069444,0.098249
337,120.0,25.0,25.0,70,115.0,14.0,25.0,0.075,0.108547
336,120.0,25.0,25.0,100,119.0,14.0,24.0,0.075,0.10769
335,120.0,25.0,20.0,90,125.0,15.0,20.0,0.069444,0.099187
334,120.0,25.0,20.0,80,120.0,14.0,20.0,0.061111,0.105848
333,120.0,25.0,20.0,70,115.0,13.0,20.0,0.080556,0.117949
331,120.0,20.0,35.0,90,129.0,15.0,34.0,0.063889,0.067529
330,120.0,20.0,35.0,80,131.0,15.0,33.0,0.080556,0.081223
329,120.0,20.0,35.0,70,129.0,13.0,33.0,0.086111,0.088845
340,120.0,25.0,30.0,100,127.0,13.0,31.0,0.097222,0.121811
352,120.0,30.0,20.0,100,130.0,21.0,19.0,0.088889,0.100922
365,120.0,30.0,35.0,70,122.0,23.0,35.0,0.044444,0.068041
354,120.0,30.0,20.0,80,126.0,21.0,20.0,0.066667,0.091287
377,120.0,35.0,30.0,90,128.0,25.0,30.0,0.077778,0.103638
328,120.0,20.0,35.0,100,122.0,12.0,36.0,0.061111,0.079931
375,120.0,35.0,30.0,70,118.0,23.0,31.0,0.083333,0.117458
374,120.0,35.0,30.0,100,127.0,26.0,30.0,0.069444,0.092921
373,120.0,35.0,25.0,90,123.0,30.0,23.0,0.058333,0.063282
372,120.0,35.0,25.0,80,118.0,29.0,23.0,0.061111,0.070053
371,120.0,35.0,25.0,100,124.0,31.0,23.0,0.055556,0.057735
370,120.0,35.0,20.0,90,110.0,27.0,21.0,0.083333,0.092796
369,120.0,35.0,20.0,80,105.0,27.0,21.0,0.097222,0.10726
368,120.0,35.0,20.0,70,99.0,28.0,21.0,0.108333,0.122946
353,120.0,30.0,20.0,70,123.0,22.0,20.0,0.052778,0.078322
367,120.0,30.0,35.0,90,132.0,25.0,34.0,0.072222,0.077579
364,120.0,30.0,35.0,100,132.0,26.0,35.0,0.055556,0.069389
363,120.0,30.0,30.0,90,128.0,19.0,30.0,0.083333,0.112629
362,120.0,30.0,30.0,80,127.0,19.0,30.0,0.080556,0.111076
361,120.0,30.0,30.0,70,124.0,17.0,30.0,0.083333,0.126564
360,120.0,30.0,30.0,100,126.0,18.0,29.0,0.094444,0.12057
359,120.0,30.0,25.0,90,126.0,20.0,26.0,0.083333,0.102289
358,120.0,30.0,25.0,80,122.0,20.0,26.0,0.072222,0.098601
357,120.0,30.0,25.0,70,103.0,19.0,26.0,0.119444,0.135144
356,120.0,30.0,25.0,100,128.0,21.0,25.0,0.072222,0.094771
355,120.0,30.0,20.0,90,129.0,21.0,19.0,0.086111,0.098719
366,120.0,30.0,35.0,80,132.0,23.0,34.0,0.083333,0.090779
327,120.0,20.0,30.0,90,124.0,12.0,29.0,0.066667,0.08165
298,120.0,10.0,40.0,70,119.0,12.0,37.0,0.047222,0.061048
325,120.0,20.0,30.0,70,126.0,13.0,29.0,0.066667,0.075768
296,120.0,10.0,35.0,90,125.0,11.0,35.0,0.019444,0.025909
295,120.0,10.0,35.0,80,126.0,10.0,35.0,0.016667,0.028868
294,120.0,10.0,35.0,70,122.0,10.0,36.0,0.016667,0.021517
293,120.0,10.0,35.0,100,125.0,10.0,35.0,0.013889,0.024056
292,120.0,10.0,30.0,90,124.0,10.0,29.0,0.022222,0.027217
291,120.0,10.0,30.0,80,125.0,10.0,28.0,0.036111,0.045389
290,120.0,10.0,30.0,70,126.0,10.0,28.0,0.038889,0.048113
289,120.0,10.0,30.0,100,125.0,10.0,29.0,0.025,0.030807
288,120.0,10.0,25.0,90,127.0,10.0,23.0,0.041667,0.051144
287,120.0,10.0,25.0,80,123.0,10.0,23.0,0.030556,0.041107
286,120.0,10.0,25.0,70,125.0,10.0,23.0,0.036111,0.045389
285,120.0,10.0,25.0,100,124.0,11.0,23.0,0.038889,0.044096
284,120.0,10.0,20.0,90,123.0,11.0,20.0,0.013889,0.017347
283,120.0,10.0,20.0,70,121.0,10.0,20.0,0.002778,0.004811
282,120.0,10.0,20.0,100,124.0,12.0,20.0,0.022222,0.027217
6,120.0,10.0,20.0,80,122.0,11.0,20.0,0.011111,0.013608
7,120.0,15.0,20.0,70,123.0,12.0,20.0,0.025,0.032275
8,120.0,35.0,20.0,100,109.0,26.0,20.0,0.080556,0.101493
9,120.0,35.0,25.0,70,113.0,29.0,23.0,0.075,0.07713
10,120.0,40.0,35.0,90,137.0,30.0,33.0,0.125,0.132025
11,120.0,55.0,20.0,80,99.0,53.0,19.0,0.080556,0.104638
12,120.0,60.0,35.0,100,140.0,40.0,35.0,0.166667,0.215166
378,120.0,35.0,35.0,100,136.0,25.0,34.0,0.111111,0.124722
297,120.0,10.0,40.0,100,117.0,10.0,38.0,0.030556,0.041107
326,120.0,20.0,30.0,80,124.0,13.0,29.0,0.061111,0.072648
299,120.0,10.0,40.0,80,117.0,11.0,38.0,0.036111,0.042219
301,120.0,15.0,20.0,100,123.0,11.0,20.0,0.030556,0.041107
324,120.0,20.0,30.0,100,123.0,11.0,30.0,0.058333,0.087797
323,120.0,20.0,25.0,90,123.0,10.0,24.0,0.075,0.099187
322,120.0,20.0,25.0,80,123.0,10.0,25.0,0.063889,0.097302
321,120.0,20.0,25.0,70,122.0,10.0,25.0,0.061111,0.096705
320,120.0,20.0,25.0,100,124.0,10.0,24.0,0.077778,0.1
319,120.0,20.0,20.0,90,127.0,14.0,20.0,0.052778,0.06684
318,120.0,20.0,20.0,80,125.0,13.0,20.0,0.052778,0.071524
317,120.0,20.0,20.0,70,123.0,13.0,20.0,0.047222,0.068887
316,120.0,20.0,20.0,100,129.0,14.0,20.0,0.058333,0.072169
315,120.0,15.0,35.0,90,130.0,12.0,33.0,0.066667,0.068041
314,120.0,15.0,35.0,80,127.0,10.0,34.0,0.058333,0.061802
313,120.0,15.0,35.0,70,124.0,10.0,35.0,0.038889,0.051819
312,120.0,15.0,35.0,100,127.0,11.0,34.0,0.052778,0.054645
311,120.0,15.0,30.0,90,127.0,10.0,29.0,0.058333,0.061802
310,120.0,15.0,30.0,80,127.0,10.0,29.0,0.058333,0.061802
309,120.0,15.0,30.0,70,125.0,10.0,29.0,0.052778,0.05713
308,120.0,15.0,30.0,100,127.0,10.0,29.0,0.058333,0.061802
307,120.0,15.0,25.0,90,128.0,10.0,25.0,0.05,0.061614
306,120.0,15.0,25.0,80,126.0,10.0,25.0,0.044444,0.056108
305,120.0,15.0,25.0,70,125.0,10.0,25.0,0.041667,0.053791
304,120.0,15.0,25.0,100,128.0,11.0,25.0,0.044444,0.054433
303,120.0,15.0,20.0,90,122.0,10.0,20.0,0.033333,0.049065
302,120.0,15.0,20.0,80,122.0,11.0,20.0,0.027778,0.039675
300,120.0,10.0,40.0,90,119.0,11.0,37.0,0.041667,0.058729
379,120.0,35.0,35.0,70,131.0,25.0,36.0,0.097222,0.111492
376,120.0,35.0,30.0,80,129.0,25.0,30.0,0.080556,0.105519
381,120.0,35.0,35.0,90,136.0,24.0,35.0,0.105556,0.13088
474,120.0,65.0,20.0,90,131.0,65.0,21.0,0.041667,0.056314
473,120.0,65.0,20.0,80,128.0,64.0,20.0,0.027778,0.039675
472,120.0,65.0,20.0,70,122.0,62.0,20.0,0.022222,0.030429
471,120.0,65.0,20.0,100,131.0,65.0,21.0,0.041667,0.056314
470,120.0,60.0,35.0,90,140.0,41.0,35.0,0.161111,0.206604
469,120.0,60.0,35.0,80,141.0,44.0,35.0,0.147222,0.184152
468,120.0,60.0,35.0,70,137.0,47.0,36.0,0.130556,0.150693
467,120.0,60.0,30.0,90,131.0,60.0,29.0,0.041667,0.056314
466,120.0,60.0,30.0,80,131.0,58.0,29.0,0.052778,0.059512
465,120.0,60.0,30.0,70,131.0,56.0,28.0,0.075,0.07592
464,120.0,60.0,30.0,100,129.0,61.0,29.0,0.041667,0.048352
463,120.0,60.0,25.0,90,123.0,65.0,25.0,0.036111,0.050231
462,120.0,60.0,25.0,80,119.0,64.0,25.0,0.025,0.03879
475,120.0,65.0,25.0,100,124.0,60.0,23.0,0.061111,0.06455
461,120.0,60.0,25.0,70,117.0,63.0,25.0,0.025,0.032275
459,120.0,60.0,20.0,90,126.0,60.0,20.0,0.016667,0.028868
458,120.0,60.0,20.0,80,128.0,59.0,20.0,0.027778,0.039675
457,120.0,60.0,20.0,70,127.0,56.0,20.0,0.041667,0.051144
456,120.0,60.0,20.0,100,125.0,61.0,20.0,0.019444,0.025909
455,120.0,55.0,40.0,90,92.0,40.0,39.0,0.172222,0.198373
454,120.0,55.0,40.0,80,91.0,40.0,39.0,0.175,0.201671
453,120.0,55.0,40.0,70,86.0,41.0,39.0,0.183333,0.212786
452,120.0,55.0,40.0,100,89.0,40.0,39.0,0.180556,0.208444
451,120.0,55.0,35.0,90,138.0,41.0,33.0,0.15,0.164711
450,120.0,55.0,35.0,80,136.0,43.0,32.0,0.144444,0.150308
449,120.0,55.0,35.0,70,125.0,44.0,32.0,0.108333,0.122946
448,120.0,55.0,35.0,100,136.0,41.0,33.0,0.144444,0.159861
447,120.0,55.0,30.0,90,130.0,55.0,30.0,0.027778,0.048113
460,120.0,60.0,25.0,100,118.0,66.0,24.0,0.05,0.061614
446,120.0,55.0,30.0,80,129.0,54.0,30.0,0.030556,0.044358
476,120.0,65.0,25.0,70,129.0,58.0,23.0,0.086111,0.088845
478,120.0,65.0,25.0,90,121.0,60.0,24.0,0.041667,0.052042
380,120.0,35.0,35.0,80,135.0,23.0,36.0,0.119444,0.137521
506,120.0,70.0,40.0,90,127.0,66.0,38.0,0.063889,0.06401
505,120.0,70.0,40.0,80,125.0,66.0,37.0,0.069444,0.073441
504,120.0,70.0,40.0,70,125.0,66.0,37.0,0.069444,0.073441
503,120.0,70.0,40.0,100,128.0,65.0,37.0,0.083333,0.084437
501,120.0,70.0,35.0,80,132.0,64.0,35.0,0.066667,0.08165
500,120.0,70.0,35.0,70,133.0,65.0,36.0,0.075,0.081223
499,120.0,70.0,35.0,100,132.0,63.0,35.0,0.072222,0.088715
498,120.0,70.0,30.0,90,118.0,66.0,30.0,0.027778,0.039675
497,120.0,70.0,30.0,80,118.0,66.0,30.0,0.027778,0.039675
496,120.0,70.0,30.0,70,114.0,66.0,30.0,0.038889,0.048113
495,120.0,70.0,30.0,100,122.0,66.0,30.0,0.027778,0.039675
494,120.0,70.0,25.0,90,103.0,66.0,25.0,0.069444,0.090395
477,120.0,65.0,25.0,80,122.0,59.0,24.0,0.05,0.061614
493,120.0,70.0,25.0,80,96.0,65.0,25.0,0.094444,0.125093
491,120.0,70.0,25.0,100,109.0,66.0,24.0,0.063889,0.068211
490,120.0,70.0,20.0,90,117.0,67.0,21.0,0.036111,0.037577
489,120.0,70.0,20.0,80,111.0,66.0,21.0,0.058333,0.061048
488,120.0,70.0,20.0,70,114.0,64.0,20.0,0.05,0.06455
487,120.0,70.0,20.0,100,123.0,66.0,21.0,0.041667,0.045389
486,120.0,65.0,35.0,90,141.0,53.0,34.0,0.136111,0.154635
485,120.0,65.0,35.0,80,140.0,53.0,34.0,0.133333,0.151535
484,120.0,65.0,35.0,70,138.0,55.0,35.0,0.105556,0.129458
483,120.0,65.0,35.0,100,138.0,55.0,35.0,0.105556,0.129458
482,120.0,65.0,30.0,90,126.0,63.0,28.0,0.05,0.051819
481,120.0,65.0,30.0,80,120.0,62.0,29.0,0.027778,0.034694
480,120.0,65.0,30.0,70,114.0,62.0,29.0,0.044444,0.045134
479,120.0,65.0,30.0,100,130.0,63.0,28.0,0.061111,0.06455
492,120.0,70.0,25.0,70,98.0,64.0,24.0,0.105556,0.122096
445,120.0,55.0,30.0,70,125.0,51.0,30.0,0.036111,0.045389
502,120.0,70.0,35.0,90,132.0,64.0,36.0,0.077778,0.083887
443,120.0,55.0,25.0,90,116.0,57.0,24.0,0.033333,0.033333
409,120.0,45.0,30.0,100,126.0,39.0,31.0,0.061111,0.067358
408,120.0,45.0,25.0,90,139.0,31.0,24.0,0.141667,0.163936
407,120.0,45.0,25.0,80,140.0,32.0,23.0,0.15,0.162447
406,120.0,45.0,25.0,70,140.0,34.0,23.0,0.138889,0.148137
405,120.0,45.0,25.0,100,139.0,29.0,23.0,0.163889,0.183144
404,120.0,45.0,20.0,90,129.0,31.0,20.0,0.102778,0.141503
403,120.0,45.0,20.0,80,124.0,32.0,20.0,0.083333,0.126564
402,120.0,45.0,20.0,70,117.0,33.0,20.0,0.075,0.116369
401,120.0,45.0,20.0,100,119.0,33.0,20.0,0.069444,0.11557
400,120.0,40.0,35.0,80,138.0,31.0,34.0,0.111111,0.123977
399,120.0,40.0,35.0,70,137.0,33.0,33.0,0.108333,0.112731
398,120.0,40.0,35.0,100,137.0,32.0,34.0,0.102778,0.113957
397,120.0,40.0,30.0,90,130.0,35.0,30.0,0.055556,0.068041
410,120.0,45.0,30.0,70,110.0,38.0,30.0,0.066667,0.082776
396,120.0,40.0,30.0,80,127.0,35.0,31.0,0.058333,0.061802
394,120.0,40.0,30.0,100,127.0,36.0,30.0,0.041667,0.051144
393,120.0,40.0,25.0,90,130.0,29.0,23.0,0.111111,0.122474
392,120.0,40.0,25.0,80,129.0,29.0,23.0,0.108333,0.120666
391,120.0,40.0,25.0,70,123.0,29.0,23.0,0.091667,0.11355
390,120.0,40.0,25.0,100,131.0,29.0,22.0,0.125,0.131674
389,120.0,40.0,20.0,90,126.0,31.0,20.0,0.066667,0.091287
388,120.0,40.0,20.0,80,122.0,31.0,20.0,0.055556,0.087135
387,120.0,40.0,20.0,70,116.0,31.0,20.0,0.061111,0.088715
386,120.0,40.0,20.0,100,117.0,30.0,20.0,0.063889,0.097302
384,120.0,35.0,40.0,80,136.0,24.0,39.0,0.116667,0.132288
383,120.0,35.0,40.0,70,136.0,24.0,38.0,0.127778,0.136423
444,120.0,55.0,30.0,100,127.0,57.0,30.0,0.030556,0.03879
382,120.0,35.0,40.0,100,134.0,26.0,39.0,0.1,0.111389
395,120.0,40.0,30.0,70,123.0,34.0,30.0,0.041667,0.059512
411,120.0,45.0,30.0,80,129.0,38.0,30.0,0.063889,0.080075
385,120.0,35.0,40.0,90,137.0,25.0,39.0,0.113889,0.127748
413,120.0,45.0,35.0,100,131.0,37.0,34.0,0.086111,0.095379
412,120.0,45.0,30.0,90,128.0,38.0,30.0,0.061111,0.077579
440,120.0,55.0,25.0,100,113.0,59.0,24.0,0.052778,0.054645
438,120.0,55.0,20.0,70,100.0,52.0,19.0,0.083333,0.102289
442,120.0,55.0,25.0,80,107.0,54.0,25.0,0.041667,0.063282
437,120.0,55.0,20.0,100,103.0,53.0,19.0,0.069444,0.086201
436,120.0,50.0,40.0,90,129.0,40.0,39.0,0.091667,0.10726
435,120.0,50.0,40.0,80,125.0,38.0,39.0,0.091667,0.119509
434,120.0,50.0,40.0,70,135.0,38.0,37.0,0.141667,0.147902
433,120.0,50.0,40.0,100,131.0,40.0,40.0,0.086111,0.109819
432,120.0,50.0,35.0,90,132.0,53.0,34.0,0.061111,0.067358
431,120.0,50.0,35.0,80,127.0,53.0,34.0,0.047222,0.048352
430,120.0,50.0,35.0,70,120.0,50.0,34.0,0.011111,0.019245
429,120.0,50.0,35.0,100,131.0,53.0,34.0,0.058333,0.063282
428,120.0,50.0,30.0,90,134.0,41.0,29.0,0.1,0.111389
439,120.0,55.0,20.0,90,102.0,53.0,19.0,0.072222,0.090779
426,120.0,50.0,30.0,70,129.0,44.0,30.0,0.058333,0.072169
414,120.0,45.0,35.0,70,130.0,37.0,34.0,0.083333,0.092796
427,120.0,50.0,30.0,80,136.0,42.0,30.0,0.088889,0.108866
415,120.0,45.0,35.0,80,134.0,35.0,34.0,0.105556,0.119024
416,120.0,45.0,35.0,90,133.0,36.0,34.0,0.097222,0.108547
417,120.0,50.0,20.0,100,94.0,53.0,21.0,0.1,0.129815
418,120.0,50.0,20.0,70,87.0,49.0,21.0,0.108333,0.160223
441,120.0,55.0,25.0,70,99.0,53.0,25.0,0.069444,0.102853
420,120.0,50.0,20.0,90,95.0,50.0,21.0,0.080556,0.121811
419,120.0,50.0,20.0,80,86.0,49.0,21.0,0.111111,0.164992
424,120.0,50.0,25.0,90,111.0,43.0,24.0,0.075,0.082355
423,120.0,50.0,25.0,80,103.0,42.0,25.0,0.091667,0.11232
425,120.0,50.0,30.0,100,129.0,41.0,30.0,0.075,0.096825
422,120.0,50.0,25.0,70,98.0,43.0,25.0,0.1,0.125462
421,120.0,50.0,25.0,100,114.0,43.0,24.0,0.066667,0.075768
656,140.0,50.0,20.0,80,83.0,62.0,22.0,0.247222,0.300039
658,140.0,50.0,25.0,100,125.0,57.0,24.0,0.091667,0.100577
659,140.0,50.0,25.0,70,115.0,57.0,25.0,0.108333,0.137857
660,140.0,50.0,25.0,80,117.0,58.0,25.0,0.108333,0.134801
667,140.0,50.0,35.0,70,136.0,56.0,37.0,0.066667,0.072008
662,140.0,50.0,30.0,100,123.0,65.0,29.0,0.141667,0.167014
663,140.0,50.0,30.0,70,119.0,65.0,31.0,0.152778,0.177234
664,140.0,50.0,30.0,80,118.0,66.0,31.0,0.161111,0.187824
665,140.0,50.0,30.0,90,125.0,65.0,30.0,0.125,0.161374
666,140.0,50.0,35.0,100,139.0,52.0,35.0,0.013889,0.019837
657,140.0,50.0,20.0,90,90.0,62.0,22.0,0.227778,0.269602
661,140.0,50.0,25.0,90,125.0,58.0,25.0,0.086111,0.105519
670,140.0,55.0,20.0,100,135.0,64.0,20.0,0.063889,0.089882
669,140.0,50.0,35.0,90,139.0,51.0,35.0,0.008333,0.010758
671,140.0,55.0,20.0,70,136.0,63.0,20.0,0.055556,0.079349
672,140.0,55.0,20.0,80,137.0,64.0,20.0,0.058333,0.087797
673,140.0,55.0,20.0,90,136.0,64.0,20.0,0.061111,0.088715
675,140.0,55.0,25.0,70,123.0,64.0,26.0,0.108333,0.120666
676,140.0,55.0,25.0,80,128.0,65.0,26.0,0.1,0.113855
677,140.0,55.0,25.0,90,133.0,65.0,25.0,0.075,0.101949
678,140.0,55.0,30.0,100,132.0,60.0,29.0,0.061111,0.06455
679,140.0,55.0,30.0,70,119.0,61.0,30.0,0.091667,0.116369
680,140.0,55.0,30.0,80,130.0,60.0,30.0,0.055556,0.068041
655,140.0,50.0,20.0,70,73.0,61.0,22.0,0.269444,0.341463
681,140.0,55.0,30.0,90,133.0,60.0,29.0,0.058333,0.061802
668,140.0,50.0,35.0,80,139.0,53.0,36.0,0.030556,0.035026
674,140.0,55.0,25.0,100,133.0,65.0,25.0,0.075,0.101949
641,140.0,45.0,25.0,90,137.0,50.0,24.0,0.047222,0.053791
653,140.0,45.0,40.0,90,135.0,48.0,40.0,0.030556,0.037577
627,140.0,40.0,25.0,90,138.0,38.0,24.0,0.027778,0.028868
682,140.0,55.0,35.0,100,132.0,58.0,32.0,0.072222,0.075154
628,140.0,40.0,30.0,100,127.0,51.0,32.0,0.119444,0.12883
629,140.0,40.0,30.0,70,128.0,50.0,30.0,0.088889,0.112217
630,140.0,40.0,30.0,80,132.0,49.0,32.0,0.094444,0.102289
631,140.0,40.0,30.0,90,132.0,48.0,31.0,0.077778,0.088192
632,140.0,40.0,35.0,100,141.0,37.0,34.0,0.030556,0.035026
633,140.0,40.0,35.0,70,143.0,43.0,34.0,0.036111,0.037577
634,140.0,40.0,35.0,80,142.0,39.0,35.0,0.011111,0.013608
635,140.0,40.0,35.0,90,140.0,38.0,34.0,0.022222,0.027217
636,140.0,45.0,20.0,100,100.0,50.0,19.0,0.15,0.199304
637,140.0,45.0,20.0,70,75.0,52.0,20.0,0.219444,0.319903
654,140.0,50.0,20.0,100,85.0,63.0,22.0,0.247222,0.295216
638,140.0,45.0,20.0,80,85.0,52.0,20.0,0.191667,0.273057
640,140.0,45.0,25.0,100,136.0,49.0,24.0,0.044444,0.04714
642,140.0,45.0,30.0,100,137.0,43.0,29.0,0.030556,0.030807
643,140.0,45.0,30.0,70,125.0,51.0,31.0,0.086111,0.094404
644,140.0,45.0,30.0,80,139.0,49.0,31.0,0.036111,0.043301
645,140.0,45.0,30.0,90,140.0,46.0,29.0,0.016667,0.021517
646,140.0,45.0,35.0,100,140.0,40.0,34.0,0.038889,0.051819
647,140.0,45.0,35.0,70,137.0,47.0,35.0,0.019444,0.024056
648,140.0,45.0,35.0,80,142.0,44.0,34.0,0.022222,0.02357
649,140.0,45.0,35.0,90,141.0,41.0,34.0,0.036111,0.043301
650,140.0,45.0,40.0,100,128.0,47.0,40.0,0.044444,0.060858
651,140.0,45.0,40.0,70,133.0,47.0,39.0,0.041667,0.043301
652,140.0,45.0,40.0,80,136.0,48.0,40.0,0.027778,0.034694
639,140.0,45.0,20.0,90,91.0,51.0,19.0,0.180556,0.24348
683,140.0,55.0,35.0,70,131.0,59.0,34.0,0.058333,0.061048
714,140.0,65.0,35.0,100,124.0,64.0,35.0,0.05,0.077579
685,140.0,55.0,35.0,90,134.0,55.0,32.0,0.05,0.06455
717,140.0,65.0,35.0,90,125.0,64.0,35.0,0.047222,0.072807
718,140.0,70.0,20.0,100,136.0,64.0,19.0,0.055556,0.063828
719,140.0,70.0,20.0,70,138.0,63.0,19.0,0.055556,0.070711
720,140.0,70.0,20.0,80,138.0,63.0,19.0,0.055556,0.070711
721,140.0,70.0,20.0,90,136.0,64.0,19.0,0.055556,0.063828
722,140.0,70.0,25.0,100,140.0,59.0,23.0,0.083333,0.112629
19,140.0,70.0,25.0,90,140.0,60.0,23.0,0.077778,0.103638
18,140.0,70.0,25.0,70,136.0,61.0,24.0,0.072222,0.090779
17,140.0,45.0,25.0,80,138.0,51.0,23.0,0.061111,0.070053
16,140.0,45.0,25.0,70,135.0,52.0,23.0,0.075,0.081223
15,140.0,35.0,30.0,80,135.0,43.0,29.0,0.069444,0.082916
14,140.0,30.0,35.0,90,138.0,29.0,35.0,0.011111,0.013608
716,140.0,65.0,35.0,80,126.0,65.0,35.0,0.038889,0.067358
13,140.0,20.0,40.0,80,130.0,23.0,39.0,0.055556,0.059317
724,140.0,70.0,30.0,100,120.0,66.0,28.0,0.1,0.110554
725,140.0,70.0,30.0,70,114.0,67.0,30.0,0.088889,0.12838
726,140.0,70.0,30.0,80,115.0,67.0,30.0,0.086111,0.123697
727,140.0,70.0,30.0,90,121.0,66.0,28.0,0.097222,0.106393
728,140.0,70.0,35.0,100,134.0,63.0,34.0,0.066667,0.075768
729,140.0,70.0,35.0,70,138.0,64.0,36.0,0.05,0.061614
730,140.0,70.0,35.0,80,137.0,63.0,35.0,0.047222,0.068887
731,140.0,70.0,35.0,90,136.0,63.0,35.0,0.05,0.070053
732,140.0,70.0,40.0,100,134.0,54.0,40.0,0.105556,0.156643
733,140.0,70.0,40.0,70,134.0,53.0,38.0,0.133333,0.170511
734,140.0,70.0,40.0,80,137.0,52.0,39.0,0.119444,0.174868
626,140.0,40.0,25.0,80,136.0,40.0,24.0,0.022222,0.027217
723,140.0,70.0,25.0,80,139.0,61.0,24.0,0.063889,0.088845
684,140.0,55.0,35.0,80,136.0,57.0,33.0,0.044444,0.04714
715,140.0,65.0,35.0,70,125.0,64.0,35.0,0.047222,0.072807
712,140.0,65.0,30.0,80,132.0,62.0,31.0,0.05,0.051819
686,140.0,60.0,20.0,100,138.0,60.0,20.0,0.005556,0.009623
687,140.0,60.0,20.0,70,137.0,61.0,20.0,0.013889,0.017347
688,140.0,60.0,20.0,80,139.0,61.0,20.0,0.008333,0.010758
689,140.0,60.0,20.0,90,139.0,61.0,19.0,0.019444,0.022048
690,140.0,60.0,25.0,100,136.0,55.0,24.0,0.05,0.055277
691,140.0,60.0,25.0,70,140.0,58.0,23.0,0.033333,0.043033
692,140.0,60.0,25.0,80,142.0,57.0,23.0,0.044444,0.049065
693,140.0,60.0,25.0,90,143.0,56.0,23.0,0.052778,0.056314
694,140.0,60.0,30.0,100,131.0,66.0,28.0,0.080556,0.081791
695,140.0,60.0,30.0,70,125.0,65.0,30.0,0.069444,0.086736
696,140.0,60.0,30.0,80,126.0,66.0,29.0,0.083333,0.090779
697,140.0,60.0,30.0,90,127.0,66.0,29.0,0.080556,0.087268
713,140.0,65.0,30.0,90,135.0,62.0,30.0,0.030556,0.037577
698,140.0,60.0,35.0,100,135.0,63.0,35.0,0.030556,0.037577
700,140.0,60.0,35.0,80,137.0,63.0,34.0,0.036111,0.037577
701,140.0,60.0,35.0,90,136.0,63.0,34.0,0.038889,0.039675
702,140.0,65.0,20.0,100,139.0,51.0,20.0,0.080556,0.134801
703,140.0,65.0,20.0,70,136.0,55.0,20.0,0.066667,0.098131
704,140.0,65.0,20.0,80,139.0,54.0,20.0,0.063889,0.105957
705,140.0,65.0,20.0,90,140.0,53.0,20.0,0.066667,0.11547
706,140.0,65.0,25.0,100,135.0,60.0,26.0,0.052778,0.05713
707,140.0,65.0,25.0,70,131.0,59.0,25.0,0.058333,0.072169
708,140.0,65.0,25.0,80,132.0,60.0,26.0,0.061111,0.06455
709,140.0,65.0,25.0,90,133.0,60.0,26.0,0.058333,0.061802
710,140.0,65.0,30.0,100,134.0,62.0,30.0,0.033333,0.040825
711,140.0,65.0,30.0,70,125.0,63.0,32.0,0.075,0.084025
699,140.0,60.0,35.0,70,136.0,63.0,35.0,0.027778,0.034694
625,140.0,40.0,25.0,70,133.0,42.0,24.0,0.041667,0.043301
562,140.0,20.0,35.0,90,134.0,19.0,34.0,0.033333,0.036004
623,140.0,40.0,20.0,90,106.0,48.0,20.0,0.138889,0.18079
537,140.0,15.0,30.0,80,127.0,16.0,31.0,0.052778,0.066144
538,140.0,15.0,30.0,90,128.0,16.0,31.0,0.05,0.061614
539,140.0,15.0,35.0,100,133.0,24.0,35.0,0.069444,0.092921
540,140.0,15.0,35.0,70,128.0,20.0,36.0,0.072222,0.077579
541,140.0,15.0,35.0,80,130.0,21.0,35.0,0.061111,0.075154
542,140.0,15.0,35.0,90,132.0,22.0,35.0,0.061111,0.077579
543,140.0,15.0,40.0,100,114.0,20.0,37.0,0.133333,0.145933
544,140.0,15.0,40.0,70,123.0,18.0,38.0,0.086111,0.094893
545,140.0,15.0,40.0,80,124.0,18.0,38.0,0.083333,0.090779
546,140.0,15.0,40.0,90,120.0,19.0,38.0,0.1,0.110554
547,140.0,20.0,20.0,100,113.0,17.0,20.0,0.091667,0.133073
548,140.0,20.0,20.0,70,105.0,16.0,21.0,0.130556,0.173805
549,140.0,20.0,20.0,80,112.0,17.0,21.0,0.105556,0.139111
550,140.0,20.0,20.0,90,120.0,19.0,20.0,0.061111,0.096705
551,140.0,20.0,25.0,100,124.0,21.0,24.0,0.061111,0.079931
552,140.0,20.0,25.0,70,115.0,19.0,24.0,0.086111,0.122191
553,140.0,20.0,25.0,80,122.0,21.0,24.0,0.066667,0.089235
554,140.0,20.0,25.0,90,126.0,21.0,24.0,0.055556,0.070711
555,140.0,20.0,30.0,100,128.0,25.0,29.0,0.072222,0.077579
556,140.0,20.0,30.0,70,125.0,23.0,30.0,0.058333,0.077728
557,140.0,20.0,30.0,80,129.0,25.0,30.0,0.058333,0.071524
558,140.0,20.0,30.0,90,129.0,25.0,30.0,0.058333,0.071524
559,140.0,20.0,35.0,100,134.0,20.0,33.0,0.038889,0.048113
560,140.0,20.0,35.0,70,130.0,17.0,36.0,0.055556,0.059317
561,140.0,20.0,35.0,80,133.0,17.0,36.0,0.047222,0.048352
536,140.0,15.0,30.0,70,116.0,15.0,31.0,0.077778,0.117063
535,140.0,15.0,30.0,100,128.0,17.0,31.0,0.055556,0.063828
534,140.0,15.0,25.0,90,127.0,15.0,24.0,0.047222,0.06544
533,140.0,15.0,25.0,80,125.0,14.0,25.0,0.047222,0.072807
507,140.0,10.0,20.0,100,126.0,15.0,19.0,0.077778,0.084984
508,140.0,10.0,20.0,70,123.0,14.0,20.0,0.069444,0.090395
509,140.0,10.0,20.0,80,125.0,14.0,20.0,0.063889,0.081791
510,140.0,10.0,20.0,90,127.0,15.0,20.0,0.063889,0.07891
511,140.0,10.0,25.0,100,129.0,16.0,23.0,0.086111,0.087268
512,140.0,10.0,25.0,70,121.0,13.0,25.0,0.069444,0.095864
513,140.0,10.0,25.0,80,125.0,14.0,24.0,0.075,0.084025
514,140.0,10.0,25.0,90,127.0,15.0,24.0,0.075,0.081223
515,140.0,10.0,30.0,100,124.0,14.0,30.0,0.066667,0.086066
516,140.0,10.0,30.0,70,120.0,12.0,29.0,0.077778,0.1
517,140.0,10.0,30.0,80,121.0,13.0,29.0,0.080556,0.097776
518,140.0,10.0,30.0,90,124.0,14.0,29.0,0.077778,0.088192
563,140.0,20.0,40.0,100,127.0,24.0,39.0,0.069444,0.07592
519,140.0,10.0,35.0,100,126.0,14.0,34.0,0.072222,0.079931
521,140.0,10.0,35.0,80,127.0,12.0,33.0,0.069444,0.07592
522,140.0,10.0,35.0,90,128.0,13.0,33.0,0.072222,0.075154
523,140.0,10.0,40.0,100,121.0,14.0,39.0,0.086111,0.101036
524,140.0,10.0,40.0,70,124.0,11.0,39.0,0.061111,0.079931
525,140.0,10.0,40.0,80,119.0,11.0,39.0,0.075,0.103302
526,140.0,10.0,40.0,90,120.0,13.0,39.0,0.083333,0.102289
527,140.0,15.0,20.0,100,131.0,18.0,20.0,0.041667,0.052042
528,140.0,15.0,20.0,70,121.0,16.0,20.0,0.058333,0.091919
529,140.0,15.0,20.0,80,126.0,16.0,20.0,0.044444,0.068041
530,140.0,15.0,20.0,90,129.0,17.0,20.0,0.041667,0.056314
531,140.0,15.0,25.0,100,126.0,15.0,24.0,0.05,0.070053
532,140.0,15.0,25.0,70,122.0,13.0,25.0,0.061111,0.088715
520,140.0,10.0,35.0,70,126.0,11.0,33.0,0.066667,0.078174
564,140.0,20.0,40.0,70,129.0,23.0,39.0,0.058333,0.063282
565,140.0,20.0,40.0,90,128.0,23.0,39.0,0.061111,0.067358
566,140.0,25.0,20.0,100,128.0,27.0,20.0,0.044444,0.060858
597,140.0,30.0,40.0,100,138.0,32.0,40.0,0.016667,0.021517
598,140.0,30.0,40.0,70,135.0,29.0,38.0,0.041667,0.046398
599,140.0,30.0,40.0,80,137.0,30.0,39.0,0.019444,0.024056
600,140.0,30.0,40.0,90,138.0,31.0,39.0,0.022222,0.02357
601,140.0,35.0,20.0,100,93.0,39.0,20.0,0.152778,0.229381
602,140.0,35.0,20.0,70,70.0,41.0,21.0,0.238889,0.342242
603,140.0,35.0,20.0,80,72.0,41.0,20.0,0.222222,0.33222
604,140.0,35.0,20.0,90,81.0,41.0,20.0,0.197222,0.289676
605,140.0,35.0,25.0,100,135.0,33.0,24.0,0.036111,0.036324
606,140.0,35.0,25.0,70,123.0,36.0,25.0,0.052778,0.082355
607,140.0,35.0,25.0,80,134.0,35.0,25.0,0.016667,0.028868
608,140.0,35.0,25.0,90,134.0,34.0,25.0,0.022222,0.030429
596,140.0,30.0,35.0,80,139.0,28.0,36.0,0.025,0.027639
609,140.0,35.0,30.0,100,133.0,40.0,28.0,0.069444,0.070218
611,140.0,35.0,30.0,90,134.0,41.0,28.0,0.072222,0.075154
612,140.0,35.0,35.0,100,131.0,41.0,34.0,0.069444,0.074691
613,140.0,35.0,35.0,70,127.0,42.0,34.0,0.086111,0.093912
614,140.0,35.0,35.0,80,137.0,40.0,33.0,0.058333,0.063282
615,140.0,35.0,35.0,90,134.0,40.0,34.0,0.055556,0.059317
616,140.0,35.0,40.0,100,138.0,34.0,40.0,0.011111,0.013608
617,140.0,35.0,40.0,70,135.0,32.0,38.0,0.052778,0.053791
618,140.0,35.0,40.0,80,138.0,32.0,39.0,0.033333,0.036004
619,140.0,35.0,40.0,90,139.0,32.0,39.0,0.030556,0.035026
620,140.0,40.0,20.0,100,104.0,50.0,19.0,0.166667,0.199072
621,140.0,40.0,20.0,70,84.0,49.0,20.0,0.205556,0.283006
622,140.0,40.0,20.0,80,96.0,48.0,20.0,0.166667,0.225257
610,140.0,35.0,30.0,70,121.0,44.0,29.0,0.113889,0.127385
624,140.0,40.0,25.0,100,130.0,39.0,24.0,0.044444,0.052705
595,140.0,30.0,35.0,70,137.0,30.0,35.0,0.008333,0.014434
593,140.0,30.0,30.0,90,133.0,34.0,28.0,0.063889,0.06401
567,140.0,25.0,20.0,70,114.0,27.0,20.0,0.083333,0.126564
568,140.0,25.0,20.0,80,123.0,27.0,20.0,0.058333,0.084025
569,140.0,25.0,20.0,90,125.0,27.0,20.0,0.052778,0.074691
570,140.0,25.0,25.0,100,131.0,26.0,23.0,0.052778,0.058729
571,140.0,25.0,25.0,70,124.0,27.0,23.0,0.077778,0.088192
572,140.0,25.0,25.0,80,130.0,27.0,23.0,0.061111,0.06455
573,140.0,25.0,25.0,90,131.0,26.0,23.0,0.052778,0.058729
574,140.0,25.0,30.0,100,121.0,38.0,30.0,0.125,0.154934
575,140.0,25.0,30.0,70,117.0,34.0,29.0,0.125,0.14183
576,140.0,25.0,30.0,80,121.0,35.0,30.0,0.108333,0.132724
577,140.0,25.0,30.0,90,125.0,36.0,30.0,0.102778,0.128109
578,140.0,25.0,35.0,100,135.0,29.0,32.0,0.069444,0.073441
594,140.0,30.0,35.0,100,138.0,31.0,35.0,0.011111,0.013608
579,140.0,25.0,35.0,70,134.0,29.0,33.0,0.061111,0.061614
581,140.0,25.0,35.0,90,135.0,28.0,32.0,0.063889,0.068887
582,140.0,30.0,20.0,100,129.0,34.0,19.0,0.063889,0.068211
583,140.0,30.0,20.0,70,114.0,36.0,20.0,0.105556,0.137773
584,140.0,30.0,20.0,80,119.0,36.0,19.0,0.102778,0.117949
585,140.0,30.0,20.0,90,125.0,35.0,19.0,0.080556,0.088845
586,140.0,30.0,25.0,100,124.0,36.0,24.0,0.088889,0.098131
587,140.0,30.0,25.0,70,126.0,37.0,25.0,0.077778,0.095258
588,140.0,30.0,25.0,80,134.0,35.0,24.0,0.055556,0.059317
589,140.0,30.0,25.0,90,127.0,35.0,24.0,0.075,0.081223
590,140.0,30.0,30.0,100,133.0,33.0,27.0,0.069444,0.072807
591,140.0,30.0,30.0,70,123.0,37.0,28.0,0.108333,0.112731
592,140.0,30.0,30.0,80,134.0,35.0,28.0,0.066667,0.068041
580,140.0,25.0,35.0,80,135.0,28.0,32.0,0.063889,0.068887
735,140.0,70.0,40.0,90,137.0,52.0,39.0,0.119444,0.174868
1544,,,,,,,,0.05518495077720208,0.06858519430051813
